"","num","title","content"
"1",2,"아싸 엔프피 생겼다~~~","다들 많이 달려죠"
"2",4,"진짜만들엇네","오 "
"3",8,"나도 공지 읽었는데 무쳤다","정리잘하는애 노트같아 "
"4",9,"엔프피갤인데 공지가 엔프피같지 않음","엔프피라면 아마...공지도 안써놨을듯"
"5",12,"와 뭐야이거","내가 사실 만들려고 했다가 빠꾸먹어서 상심하고 있었거든고맙다!!!!!!!"
"6",13,"공무원 공기업 엔프피있냐","나 가고싶은데 지낼만함? "
"7",15,"야 애들아 나좀봐봐 엔프피맞냐?!","nfp인건 확실하거덩?근데 i인지e인지 헷갈린다말이지 사람들이랑 있는 거 좋아하는데 낯을 많이 가림그래서 어색한 상황에서는 오히려 이것저것 질문 개많이하는데 속으로 어색해 미칠거같음ㅜㅜ하지만 티를 안내려구하지 모임같은거 거의 다 나가는데 아 맞다친구랑 싸울 때 친한애들은 뭐만하면 서로 싸우고 별로 가깝지않은 상대한테는 조곤조곤 말하다가 한번 빵터지면 이 세상욕은 다하는듯,! 글구 제일 많이 듣는 소리가 첫인상이랑 실제로 디게 다르다 이말엄청 들음 왜냐면 어느정도 친해지면 맘편하게 똘끼짓을 할 수 있으니"
"8",16,"엔프피랑 상관있는지 모르겠느ㄴ데","나는 거리랑 호감도가 비례함 자주보면 볼수록 좋아하게되더라 "
"9",19,"엔프피 이지만 피를 제로 가끔 바꾸고 싶음","나는 너무 자기만족과 오늘의 즐거움에 맡겨 사는 느낌이 들고  자괴감이 올때마다 그렇다  근데 아무리 우울하고 상황이 빡빡해도  약한 엔트피가 가끔 나올뿐이지  엔프제는 절대 안나오드라  쩝 ㅋㅋ  "
"10",20,"엔프피들 잘하는거 하나씩 쓰고가","고냥 궁금해서⁎ᵕᴗᵕ⁎ 엔프피 자랑타임ㄱㄱ나는 운동을 꽤 잘한다!"
"11",21,"엔프피들 안녕!","하잇"
"12",23,"어제 보름 사진 찍어야지 하고 나갈라했는데 ","먹구름이랑 눈와서 포기하고 오늘 찍어야지 했는데 나가기귀찮다 "
"13",24,"달 사진 폰으로는 예쁘게 못찍음?ㅜㅜ",""
"14",26,"갖고 싶은 게 너무 많은데 그만한 노력을 할 자신은 없다","계기가 생기면 바뀔까 아니면 바뀌고 나면 계기가 생길까 "
"15",27,"에니어그램 갤러리에서 왔","         공지 점 갖다써도 되는지 물어보려고 옴 가운데 내용만        "
"16",29,"mbti는 근거없는 미신이야","(대충 mbti모라모라시떡시떡 화나서 까는 내용)"
"17",30,"1일 1글: 오늘의 고충","과외수니 수업 준비하는데내 공부스타일이랑 과외수니 공부스타일이랑 너무 달라서 조금 힘들다나는 계획도 안 세우고 문제 풀때도 맨날 그림그려가면서머릿속에서 그림을 상상하면서 풀었었는데우리 과외수니는 정반대다모든게 착착 기계적으로 들어맞고 정리되어야 직성이 풀리는 타입이다 큰 계획이 있어야 하고일단 j인 건 완전 확실하다J유형에게 맞는 공부커리큘럼은 뭘까 머리가 아프다돈벌기 참 힘들다하지만 과외수니 말도 잘 듣고 숙제도 잘해오고 착하니까 참아야지돈벌어야 놀 수 있다 화이팅"
"18",31,"쩝 요새 무기력하짐","운동해야지 운동 더 쳐지면 구렁텅이에 빠진다~ "
"19",32,"무기력한 개구리?야귤이? 보시오",""
"20",33,"요즘 왤캐 힘드냐","감정기복 지친다 진짜엔프피 특으로 업앤다운 진짜 심한데요즘 다운 주기 인듯ㅜㅠ"
"21",34,"1일 1글: 케어베어",""
"22",36,"난 엔프피인데 걱정이 졸래게많음","없는걱정까지 만들어 걱정해 "
"23",38,"여자애랑 엄청 배찢어지게 웃고 놀고와도","카톡하면 엄청 진지 어색허짐 뭔말해야할지 모르겠으 안가까울때는 막 던졌는데 "
"24",39,"엔프피 필터링 막는법 본인생각!(까다로움주의)","진짜 엔프피인 본인이 좋아하는 요구사항만 싹다 적은거라 까다로워 보일 수도 있음 !!! 모든엔프피가 적용될 지는 미지수 !!! 어느정도 가까워져서 진지한 대화가 가능할때 난 항상 너 편이다를 은연중에 심어줘야 하는 거 같음 오래만나도 내가 불편함없이 장난치고 다 보여주는 관계들 보면 만난 기간과 관계없이 나에대한 신뢰를 엄청 뿜어준 사람임 물론 나도 나 좋아하는 사람들만 챙기는 성격이라 나 좋고 믿는다는데 더 퍼주지 튕기거나 그러지 않음 물론 첨본사람이  퍼주면서 저러면 누구든 무섭겠지 ㅎㅎ;; -@@@- 여기서부턴 그냥 엔프피인 나 특성 그리고 감정을 대화로 해줘야함 E인 주제에 은근히 찐따력 높아서 눈치 오지게보고 남의 감정에 영향 잘받음 근데 결정력 좆도없어서 눈치스트레스만 보고 이니시 못염 생각이 많은데서 유래되는 거 같움 이거 감정을 대화로 해줘야한다는게 무슨말이냐면 삐져서 대화 거부한다던지 꿍한 분위기 만든다던지 이런게 아니라 차라리 직설적으로  ~~~한 점 때문에 나는 기분이 상해있어 라고 해주면 자기 생각을 얘기할 거임 분명 그리고 기분 나쁘게한게 맞다면 인정하고 사과를 할거고 약간 이상한 고집이 있을 수도 있는데 그게 자신한테 피해가 되지 않는다면 그냥 웃어 넘겨줘야하는데 그걸 고치려고하면 서로 피곤해질듯 근데 만약 이상한 고집이 서로의 관계에 악영향을 끼친다면 말을하고 안고쳐지면 엔프피인 나이지만 관계를 끊거나 옅게 하는것도 추천함 왜냐하면 상대방도 스트레스일꺼고 그걸 고치든 못고치든 나는 내 내면에서 엄청 고민 시뮬 스트레스 받을테니깐 좋은관계가 못될듯 그리고 엔프피의 개소리나 즉흥적 제안을 아예 차단하거나 비웃거나 무시하는 표현은 삼가는게 좋을 거 같음 이게 아예 호응하고 좋은말만 해주라는게 아니라 엔프피 본인도 자기가 막던진다는 걸 알면서 막 던질 때가 있음 근데 상대방측에서 진지하게 태클을 걸면 확 시무룩해지면서 아니 누군 그런게 개소리인줄 몰라서 그러나 그냥 재밌으라고 한소리지... 이런 마음이 생김 그니깐 걍 뭣도아닌 개소리다 싶으면 진짜 웃기네ㅋㅋㅋ 정도로 넘어가면 될듯 진지한 태클 훈수보단 여튼 거의 내 사용법 불만편 이네 ㄹㅇ 이거 읽고 모른척 나한테 대쉬하는 여자있으면 바로 결혼할듯 홀까닥 넘어가서 "
"25",40,"아 약속 파토났다ㅋㅋㅋ","         근데 기분이 좋음놀러나가도 재밌는데 안나가도 재밌음        "
"26",42,"나는 약속 파토나면 자존감 팍깎임","그냥    바쁘니깐... 그려러니 하는 마음과 질투? 비스무리한 감정이 올라옴 나보다 더 중요한 게 있어?! 이러 "
"27",45,"빙고왜지웠어?","다시쓰려나 "
"28",49,"안녕 친구들","여기 전부 나같은 사람만 있음? "
"29",50,"서먹해졌던 친구가 다시 연락왔는데","어떻게 대하면 좋을까?  비유하자면 약간 전여친 전남친 비스무리한거라고 생각하는데  그 친구가 어떤일에 대해 짜증을냈고 나도 실망을해서  나도 그 이후로 없는사람 취급을하고 연락을 안했거든  근데 1년만에 연락이왔음 잘지내냐는 식으로  나는 유치하게 틱틱대는건 싫었고 그냥 어 그래 넌 뭐하냐  이런식으로 대화를 하다가 한 두번 만났음  나는 걔가 지났던 우리 일에 대해 먼저 얘기할 줄 알았는데  그 일이 있기 전 우리처럼 그냥 태연하게 놀고 지내더라고  물론 예전보다는 조심스러움 내 눈치를 보는거같고  근데 나는 얘를 보면 감정이 두가지임  진짜 잘지냈던 때랑 당황스러웠을 때  그래서 나는 이걸 풀고싶거든? 나한테 무조건 사과해라 이게 아니라  당시에 너는 어땠고 왜그랬는지 나는 이랬다  이런식으로  이걸 안 풀고 무시하고 관계를 유지했다간 정말 불편하고 나는  얘가 언제 또 그러지 않을거란 보장이 없잖아  그래서 내가 먼저 끄내고 물어볼려는데  엠붕이들은 어떻게 생각해? 거기서도 걔가 당당하게 뭘 그거갖고 그러냐 하면  나는 얘가 좋지만 그 좋은면을 무시해가면서 멀리하려고  말하고 보니깐 진짜 무슨 전여친전남친같네  그냥 주딱이랑 너희의 의견도 듣고싶어서 "
"30",51,"히히 다들 취미있음?","나는 공연보는거 좋아하는데 돈 존나많이들어서다른 거 해볼까 생각중엔프피칭구들 취미로 뭐함"
"31",55,"헐 나도 엠갤에서 도망침 ㅋㅋ","ㅋㅋ아늑해~~ "
"32",59,"안녕!","저기는 왜저런다냐 "
"33",60,"엠붕이 입갤","ㅎㅇㅎㅇ "
"34",61,"갤주야 정신차려라","노갤에서 여기 좌표찍음 "
"35",62,"엠갤 터졌네 ㅅㅂ","그쪽 완장은 대체 뭐하는지....  "
"36",64,"내향적이지만 활동적이야","사실 버스비 아까워서 알바갈때 걸어감 편도 40분거리 "
"37",65,"피난온 김에 추천받았던 강점테스트 결과 들고옴",""
"38",66,"엠갤에서 피난옴","시.발 존나 빡치네 "
"39",67,"아늑한 우리집갤에 ㄷㄷㄷㄷㄷ","손님이엄청옴 ㄷㄷㄷㄷ "
"40",68,"아그래서 내 소개남 엠비티아이뭐같냐고","ㅠㅠ시발 개빡쳐 ㅠㅠ ㅠㅠㅠㅠㅠㅠㅠㅠㅠㅠㅠ잦같은 일베충들"
"41",69,"쟤네들 인프피갤도 괴롭히러 왔어","         반가어 엔프피들..        "
"42",70,"여기로 왔다...","얘 진짜 너무해... "
"43",71,"자기 전에 음악 추천하고 간다","https://youtu.be/S8bQtknSNW0 "
"44",72,"나 우투부 보고올게","다들 재밌는글 많이써놔줘 "
"45",73,"앞으루 여기서 활동하자"," - dc official App"
"46",74,"아늑하다","https://m.dcinside.com/board/mbti/22916이 밈 너무 웃겨서 가져옴엔프피인듯 ㅋㅋ"
"47",75,"내 소개남 화장실 갓을 때 올린 거엿는데","https://m.dcinside.com/board/mbti/23321?page=5시.발일베충새끼들때문에 ㄱ-인티제엿음좋겟당 ㅎㅎ"
"48",76,"갤왜저렇게됨??","ㅋㅋㅋㅋㅋ 뭔데 "
"49",77,"전에 철갤도 이렇게 털렸네ㅡㅡ ","뭐하는 놈들이지 "
"50",78,"매니저 최고","글리제 짱 인프제 짱임 ㅎㅎ"
"51",80,"고닉 들고 왔다","INFP임 "
"52",82,"밑에 고닉 shangus 뭐노 ㅋㅋㅋ","대놓고 노갤 스파이인데 ㅋㅋㅋ  "
"53",83,"고닉만들었어","ㅎㅎ "
"54",85,"안녕","         난 몇차례 댓글이나 글로 썼지만 엠갤 금세 망할 줄 짐작하고 있었어주관적인 근거는완장이 없는 게 가장 커 각종 분탕, 분란을 막을 시스템이 아예 없어 그냥 눈치껏 지금까지 버텨온 게 대단한 거야 고잉메리호 처럼...그리고 일베, 페미, 찐따 무리가 보였어원래 건강한 갤일수록 이런 애들이 일코를 해야하는데오히려 점점 더 자신들을 드러내고 있더라얘넨 한 명 한 명이 장작이라보통 다른 애들이 무시를 해도자기들끼리 치고박고 불타버려서 완장질만이 답인데..그리고 커뮤니티라는 게 아무리 디씨라도자기 마음대로 쓰기보단 눈치를 보고 자제할 줄 알아야더 건강하게 돌아간단 말야그런데 눈치볼 줄 모르는 애들,자기할 말만 하기 바쁜 애들이 모여서 터질 일만 남았었지 뻔했어그리고 엠갤은 앞으로 언제든 터질 수 있어내가 알기로 야짤을 올리고 그걸 신고하면그 마갤은 디씨 알바에 의해 터진다고 해저긴 누가 야짤을 올려도 삭제할 사람이 없으니마음만 먹으면 혼자서도 없앨 수 있을 거야엠갤의 회복... 같은 건 기대하지 않는 편이 좋고차라리 믿을만한 사람 완장으로 데려다가한글 ""엠비티아이"" 갤러리라던지 ""마이어스-브릭스"" 갤러리라던지새로 파는 게 훨씬 좋을 거라고 생각해졸립따,.,ps) 못된 애들이 올리는 글 중에 할카스라는 게 있어ㅎㅋㅅ라고도 하고 되게 보기 안 좋아비위 약한 친구들은 미리미리 조심해..ㅠ        "
"55",86,"뭐야 여기 되게 다락방같은 공간이었는데","대피소됐네그래 뭐 이렇게 된거 열씨미 놀자 얘들아◟( ˘ ³˘)◞ ♡"
"56",87,"앰갤은 털릴만했지","완장이 없으니 마이너 갤러리인데도 방어력이 너무 낮음  "
"57",88,"성격유형보고 신기해서 어제 왔는데 하루만에 터짐ㅋㅋ","왜 하라는 MBTI이야기는 안하고  "
"58",89,"여기가 그나마 마갤중에선 젤 활발한 곳인가??","인티제 입개르..."
"59",90,"만약 갤을 새로 파면 ","접근성이 너무 떨어질 거 같은데  "
"60",91,"근데 엠헬에 이주하는건 어떻냐","그래도 거긴 암덩어리는 없잖아 "
"61",92,"이거 좆된거냐 ","설명이랑 내 성격이 맞기는 한데  읽어보니 뭔가 영 아니다 싶음  돌려말하면 힙스터 찐따라는 거 아닌가 "
"62",94,"엠헬이랑 디시 둘 다 하는 갤러 있어?","나야 ㅎㅇ"
"63",95,"온김에 엔프피한테 한마디씩 하고가","하고싶은말질문기타등등"
"64",96,"여기가 식물갤 다음으로 클린한 갤러리네","공기 좋다"
"65",98,"잇팁은 보통 애니어그램 뭐나와?","난3W2나오던데 "
"66",99,"isfp들도 귀여워","귀여운데 호구 취급당하는 거 불쌍 그래도 인기는 좋더라"
"67",100,"성격유형 마이너 갤러리 만들까","어떰? "
"68",101,"이렇게 하면 될라나....","백자제한 걸려서 이렇게 적음 "
"69",102,"여긴 주딱 활동함?","         웅웅?        "
"70",103,"무슨 유형 같아?","재미로 그냥"
"71",104,"이런 말하긴 미안한데 ","솔직히 이름이 shangus인데 이시점에 대피 갤러리 만들겠다는건 너무 수상한데 "
"72",105,"너희들 enfp이랑 entj 햇깔린 적 있어?","주변 entj가 진짜 친절하고 사람들에게 관심도 많고 웃음도 많은 애여서 enfp인줄 알았는데 답답할때나 주변 상황 정리안될 때 나서서 정렬하는 거 진짜 멋있더라처음에 얘가 나 많이 귀여워해서 친해질 수도 있었는데 내가 너무 무뚝뚝하게 있어서 멀어져서 아쉽다"
"73",107,"MBTI갤 정상화 되긴 할거임...","노무현 갤러리 애들 원래 저렇게 침략하고 다니는데 "
"74",108,"오늘 있던 일","고닉 몇 명이 여혐글 씀 "
"75",109,"잇팁들이 좀 반골성향이 강한가?","뭔가 그런것같아 "
"76",110,"안녕 나 고닉팠어","은근 밴댕이 소갈딱지인 istp임 "
"77",111,"성욕을 줄이고 싶어","좋아하는 사람이 있는데 자꾸 야한 생각이 나고 ㅈㅇ를 하고 싶어담배포는 사람들이 왜 중독에서 못 벗어나는지 알겠더라고어떻게 줄이지..."
"78",112,"인팁들 읽어볼만한 글1 (장문주의)","https://blog.naver.com/ww31ni/221499364474"
"79",113,"너네는 짝사랑 할 때 어떰?","너무 힘들다 ㅜㅜ"
"80",114,"인팁들 읽어볼만한 글2","[출처] MBTI 성격유형 검사 그리고 INTP에 관해|작성자 EDS"
"81",115,"아이디 팟는데 비고정닉은 뭐야??","띠용"
"82",116,"나 현실에서 잇팁 만나고 싶어","한국에서 막 희귀한 유형은 아니지않나..  "
"83",117,"딴 잇팁들 연애사 한번 들어보고싶음","내가 그냥 연애할때마다 이상했던건지 "
"84",120,"자존감테스트"," - dc official App"
"85",122,"역시 인팁 인프피 찐따들을 챙겨주는건 엔프피밖에 없네 ㅜㅜ","이 호구새끼들아 ㅡㅡ그러다 칼침맞어. "
"86",128,"갤주님 일 잘하시네","화이팅 "
"87",135,"이럴수가","갑자기 두페이지가 늘다니 "
"88",136,"고맙다고 해야되냐","엠갤 좆노잼돼서 이제 잠 잘잘듯잘 자 얘들아 수고 많았다"
"89",137,"엔프피는 애교 많냐?","나는 애교 종범인데ㅠㅠ"
"90",140,"엠겔에서 자료만 추려서 가져오고 싶은데","개념글 수가 너무 많다.... "
"91",141,"다들 기상~~","난 밥먹고 공부할준비 재수하는 사람있나? "
"92",143,"바야흐로 철권통치의 시대..","                 "
"93",144,"엔프피들 고맙다야","엠겔 털린 거 보고 개빡쳐하다가 여기옴 따뜻하게 맞이해줘서 고맙다ㅠ공기 청정하네"
"94",145,"하와와 투잡하는 여고생쟝도 왔어요 ☆ ","여고생쟝은 오늘 일하고 내일은 새벽버스타고 학겨가요 ㅜㅜ "
"95",146,"여기가 피난소인가요","노노타령 개지겹누 "
"96",151,"코로나에 대처하는 인팁 1인","         감기는 바이러스가 묻은 손이 주된 감염경로라는 걸 다큐멘터리로 본 적 있음그래서 귀찮아서 마스크 안 씀감기 걸리면 그것도 귀찮으니까 손을 자주 씻음어차피 밖에 잘 안 나가서 노출 덜 됨건-강모두 인팁하세요 ^-^        "
"97",152,"난 계속 성격유형 바뀌었다고 생각했는데 뚜렸했네","내가 초6때 담임 별로 안 좋아했대. 그건 어렴풋이 기억나는데 이유는 모르고 있었거든엄마랑 이야기하다가 니 일기보면 이유나온다고쌤이 반 분위기 흐리는 애들 제대로 못 잡고 통솔 못해서 실망스럽다고 적혀있대ㅋㅋㅋㅋ그거 듣고 놀람나 엔티제a인데 성인되고 나서야 성향을 찾았다고 생각했거든 뼈 엔티제였구나 싶음"
"98",153,"피난왔읍니다","본진 터지고 앞마당까지 날아가서 섬멀티 하러옴 "
"99",154,"흑흑 이런반응 처음이야","잇티제갤은 조회수 10넘으면 ㅅㅌㅊ인데 무려 댓글이 달렸서 "
"100",155,"아니 욕좀해줘 밖에 나가라고",""
"101",156,"와우 잠못자서 졸피뎀 한알먹었더니","아침이네 "
"102",157,"인생 리세마라 하고싶다","하지만 그러기에는 현질을 많이했어 "
"103",158,"초등학교 선생님 하니까 생각난 인팁썰","         내가 초등학교 6학년 때였어6학년이면 선생 제외 초등학교에선 zizon이니까눈에 뵈는게 별로 없을 때였지 (맞자나?)나는 꽤 시골인 곳에서 자랐고또래 애들이랑 뛰어노는 거에 미쳐있었어뜨거워도 축구하고 눈이 와도 축구하고 비가 와도 축구했었어(나만 그런 거 아니라 같이 하는 애들 있었음!!)아무튼 그래서 가끔 체육시간에자율체육시간 같은 걸 주자나?운동장 안에서 뭘 해도 괜찮은 개꿀 체육시간그게 초등학생이었던 내겐 엄청나게 소중했단 말야그리고 전체 3개반 전부가 같이 수업하는무려 합동자율체육시간이란 것도 있었단 말임!!그럴 땐 보통 남자애들은 반대항 축구 같은 걸 했으니까 나 같은 애들은 손꼽아 기다리고 기다리는 그런 체육시간이었어보통은 좌우향좌 우향우 뒤로돌앗 이따위 지루한 합동체육시간을 갖는데그 날은 ""다음 주엔 합동자율체육시간 줄 테니 열심히 해"" 라고 우리반 담임한테 약속을 받은 상태였거든딱 그 체육시간 돼 가지고 난 축구화 끈 먼저 동여매놓고 잔뜩 기대하고 있었지그런데 갑자기 우리반 담임이(3개반 중 유일 남교사라 합체시간에 교육함)운동장 집합에 늦는 애들이 있다고 투덜투덜 입을 터는 거야근데 집합시간에 조금씩 늦는 애들이 있는 건 늘상 있는 일이었거든그냥 꼬투리 잡은 것 뿐이었어, 그러면서 말하길""집합시간 제대로 안 지킨 관계로 오늘은 질서교육 실시한다.""??어이어이 자네 절대로 미친거 아니냐고 ㅋㅋㅋㅋ 에이 고건 아니지ㅋㅋㅋ애들 막 울상짓고 한숨쉬고 웅성거리는데나는 생각지도 못한 일에 충격적이고 화가나서 아무말도 안 나오고 표정이 잔뜩 찌그러져 있었어담임이 애들 휘어잡는답시고 열심히 호통치면서 질서교육하는데난 도통 뭐 들리지도 않고 하는 둥 마는 둥 조회대에 서 있는 저새끼는 사람인가 금수인가 계산하고 있는데그게 티가 났던지 내 이름을 딱 부르면서 꾸짖더라""야, 인티이이입! 너 하기 싫으면 교실로 들어가!""그 말 듣고서 나는 약 100명의 또래 초딩들과3명의 교사가 조용히 지켜보는 가운데 자박 자박 발소리를 내면서운동장을 가로질러 교실로 들어가버렸어아무도 없는 어두운 교실은 조용하고 낯설었고운동장에서 확성기로 질서교육하는 소리가 들리더라지랄맞은 인생의 굴곡을 곱씹으면서 바닥에 누워 한 숨 잤어많은 인팁들이 뭔가 선을 넘는다 싶으면꽤 별난 행동을 보여주는 거 같아이렇게 보면 나도 참 내츄럴 본 인팁이엇긔        "
"104",159,"난 내가 임용 준비하면서도 ","어렸을때부터 애들 제대로 통제 못하고 휩쓸리는 쌤=무능력이렇게 무의식적으로 생각했어담임 역할은 반 분위기 흐리지 않게 기쎈 애들 미리미리 꺾어서 순화 시켜야 한다고 생각했던 것 같아지금도 그런 생각이 조금 남아있고 그것 때문에 잘 해내지 못할까봐 스트레스도 받음돌이켜보니까 쌤도 사람인데 엄격한 학생이었군 싶다..쌤한테 한 번도 티는 내지 않았지만 어쩌면 쌤 입장에서 나같은 애를 꿰뚫어 보았을 수도 있고쌤은 전지전능하지 않은데 말이야ㅋㅋ..."
"105",160,"나도 인팁이 만난 고등학교선생썰","고등학교쌤이 평소에 아파도 학교오라는 말씀을 자주하셨어. 진짜 귀에서 피나도 학교온 애가 있다고 너네도 쟤를 본받아서 꼭 학교나오라고하고.근데, 아프면 병원을가는게 우선이잖아그래서 내가 저 말씹고 3번정도 병원에 들렸다가 학교가서, 아무도 못보는 테라스로 끌려가서 맞을뻔하기도 하고.이후에 선생님이 하는 방식이 나랑 안 맞는 거 같아서 내 방식대로 하다가 혼난 적도 있는데.인팁이라 그런지, 납득이 안되거나 비효율적이라고 생각되면 무시하고 내방식대로 하는 것 같아"
"106",161,"estp의 나라 러시아 근황","창문깨고 탈주함 "
"107",162,"코드 이거 뭐임??","나 봇 아닌데 못 알아 보게 생겼음"
"108",163,"개어이없는게 어제 술마시고","내 아이피를 차단검ㅋㅋㅋㅋㅋㅋㅋㅋㅋㅋㅋ어쩐지 게시글 덧글 쓰는데 내 덧글 게시글이 반투명하게 나오더라"
"109",164,"자리비운다고","코드걸었나봐 개웃겨 ㅋㅋㅋㅋㅋ주딱 진짜 너무 근엄해"
"110",165,"엠갤 열등감 폭발함","너무 역해서 더는 못해~ "
"111",166,"코드 없애줘","나는 편하고 대신 주딱이 고생했으면 좋겠어 "
"112",167,"출근길인데 바람 너무 세다","난 연약해서 날아가버릴지도 몰라 "
"113",168,"엔프피갤이 존나 임시 대피소인것도 뭔가 어울린다 ","현실의 잉여 난세의 해결사 ㅋㅋㅋ"
"114",169,"오늘 눈 예쁘다","예쁜 쓰레기ㅠ아휴 춥고 바람불고 미끄러워"
"115",170,"민중혁명은 T가 주도일때 가능한건가 ","뭔가 역사적으론 F의 나라들은 스트레스를 종교로 푸는것 같고 T의 나라들이 시위와 혁명을 하는 것 같음 ISTJ인 헬조선이 역성혁명의 나라인건 NT보다는 ST의 아젠다가 보편적인 사람들한테 먹혀서 응집력이 커거 그럴수도NT는 일단 방향들이 서로 다르니 "
"116",171,"F 가 종교임?","나 완전 무신론자인데 귀신조차 안믿음 생명이라는 것 자체를 안믿음 그냥 화학 메커니즘의 일환이라고 생각하는데 "
"117",172,"ENFP들아 주로 듣는 음악장르가 뭐임?","난 랩 댄스 알엔비 "
"118",173,"가장 빈틈없는 결과물을 내는 유형은 무슨 유형 같아?","ㅇ?"
"119",175,"나는 진짜 사회적 병리는 다 학교에서 생긴거라고 봐","그러니까 교육20세기 학교의 공장노동자 육성을 위한 기초교육을 바탕으로영국-독일쪽에서 시행되고 이게 제국주의시대때 일본으로,일본에서 강점기때 한국으로 넘어온게 아직까지 큰 변화 없이 지속된 게 현주소.한국의 교육은 ""~다"" 라는 방식의 교육에서 나아가질 못하고 있음교과서만 봐도 ""~는 왜일까? ~이기 때문이다."" 로 끝나버림그런걸 보고 무언가 배운다는 생각이 들 리가 없음무언가 집어넣는다는게 차라리 맞겠지책읽고 스스로 생각하는 교육방식으로 개선할 때 비로소모든것에 대한 원인이 궁금해지고그러면서다양성과 자아실현을 위한 의미있는 창의성도덕에 있어서 실천의 중요성정의와 법에 대한 존경심나라가 돌아가는 원리 등에 대해서 이해할 수 있음그딴거없이 무슨 '21세기 차세대 창의 미래인재 지향 교육'같은 높으신 노친네들이 듣기 좋아하는 소리 해주면 돈 땡겨지니까 공무원들 암것도 안하고..내가 교육부장관이나 대통령같은게 된다는 상상을 해보면 현실적인 문제에 많이 막히더라도늘 교육 방향으로 제시하고 싶음"
"120",176,"나도 반 문화 자체는 없애는게 맞는거 같은데","그럼 그런 책임을 대체할 어떤가를 만들어야 한다고 생각함 아니면 초등학교 3년간은 반을 통해 규제하다가 4 5 6 학년 올라갈수록 반을 희미하게하고 자기가 원하는 교육을 받게해서 중학교 고등학교에서 자기 꿈을 명확히 할 수 있는게 맞다고봄 대학교가 취업의 관문이 되어버린 거 자체가 이미 망해버린 교육이라고 생각함 "
"121",177,"학교의 문제점중 입시위주 교육은 고졸을 하찮게 여기는 자세에서 생긴거","같지않냐 "
"122",178,"나도 고등학교때 까지는 뭔가","두루뭉실하게 세상을 바꾸겠다 세상에 획을 긋겠다 이런 정치인 비스무리한 꿈도 있었는데 언제가부터 그냥 내 행복과 편함만 추구하게됐음 그래도 한번씩 정의감이 막 요동치기는 함 근데 나도 결국 완벽한 인간이 아니라고 생각해서 정의를 못본척 하고 생각하지 않으려는게 많아져ㅆ음 "
"123",179,"얘들아 나 심심해",""
"124",180,"오늘 한거","누워서 유튜브보기 우쿨렐레치기 동생 졸업사진집보기 누워있기 디씨하기 "
"125",181,"얘들아 나 전자담배액상도 다떨어졌어","이거 주문하면 중국에서 오는데 무서워서 못시키겠어 "
"126",182,"요즘 부쩍 성취도도 낮고 무기력해지고 불건강해져서","갤 끊기부터 시작하려고ㅋㅋ시간 낭비 심해지고 > 시간에 쫒겨서 계획실패> 무기력 굴레에서 못 빠져나오는 것 같아이러다가 올해 임용 진짜 망할 것 같은 느낌이 들더라.지고는 못 사는 성격이라 동기들 붙는데 나만 떨어지면 눈물 날 것 같아그러니 제가 다시 들어오면 매섭게 쫒아내어 주세요모두 잘 사시오..ㅠ"
"127",184,"거친 일을 하게 되더라도","손을 막 쓰는 일은 아니었음 좋겠어공부하던 거 접으면무슨 일을 하게 될까 또 실패야"
"128",185,"난 불건강은 아니고 소심해졌어 요즘","조바심이나 "
"129",186,"이참에 담배 끊을까","전담이라 엄청 해악은 아니긴한데 그냥 의존적이게 되는 거 같기도 하고? 아니ㄴ거같기도하고? "
"130",187,"우리나라는 이상주의자가 활동하기 좋은 환경일까","ㅈㄱㄴ "
"131",188,"방금 간만에 게임했는데 게임도 재미없네","큰일이다 노잼증후군이 발병하고있어 "
"132",189,"갤기장) 인프제갤에 썻던글 가져왓슴 사람은 은과 비슷하다","내 은목걸이를 보다 이렇게 생각해봄 "
"133",190,"인프제가 쓴 글을 인팁이 쓴다면","담임은 출결 관리 정도만 해주고 대학처럼 다닌다쳐도  "
"134",191,"너네 성인애착유형 테스트 알아?","         이거 안정형 나오는 애들 부럽다ㅋㅋㅋㅋㅋENFP 친구들 안정형 나올듯         "
"135",192,"조르 부럽다 ㅜㅜ ","관종인 엔팁 여고생쟝은 관심 많이 받는 조르가 부러워요 데헷☆ "
"136",193,"반말 찍찍하는 개저 개줌들 진짜 싫다","딴놈이 지 자식한테 그러면 화낼분들이ㅡㅡ "
"137",195,"나 안정아님",""
"138",196,"얘들아 엠비티아이갤 조용해졌어 죠르도없어짐","다시활동하자 "
"139",197,"애착유형검사","나 안정형 처음봐"
"140",198,"자기부정 타인부정은 뭐야 도대체",""
"141",199,"애착유형검사 해봤어","두려운 회피 유형 "
"142",200,"뻘소린데 난 노무현 문재인 극혐하거든?? ","그건 돈없어 로스쿨 갈수 없었고 유사직역 ##사로 살아야 하는 나로선 당연히 가질수밖에 없는 개인적 반감임 (사시 보고싶은데 못본 케이스) 내 평생 친문 친노를 찍는 일은 없음 근데 난 정치성향은 이런데도 일베충들이 노무현 사진갖고 똥뿌릴 때는 그에 대한 역겨움을 강하게 느낌 존나 보기 싫음 그냥 이건 사람이면 당연히 그런건가 "
"143",203,"애착유형검사 해뱟어","문제 외우겠다 시바거 "
"144",204,"애착유형테스트 해왔어","이거 안정형있긴 하니"
"145",205,"회피형 반대말은?","생선구이핏줄누나 ㅋㅋㅋㅋㅋㅋㅋㅋ "
"146",206,"잇팁은 멀리서보면 착해보이나","멀리서 볼때만 그런듯 "
"147",207,"회피 벗어나늩법좀","알려주셈 "
"148",208,"회피성 성격들은 이거 읽어라","웅!"
"149",209,"그래서 어케 회피를 회피하는데","회피를 회피하는법알레줘 "
"150",210,"완전성형뜯어고쳐서 연예인급 존잘남되면","회피엄ㅅ어져? "
"151",211,"애착유형 테스트 해봤는데 봐죠","나 이렇게 나왔는데 상위 퍼센트라는게 높을수록 좋은거야?그리구 회피보다 불안이 더 높은거지?난 회피가 더 높게 나올거라고 생각했거든.. 쩝약간 남탓하고 성격안맞으면 참다가 터져서 손절하는 편인데이게 회피형 성격인거냐심한건지 그래두 괜찮은건지도 좀 봐죠"
"152",215,"수면제 다시먹는이유","나 열시취침 패턴으로 바꿔서 이번학기 공부열심히할꺼야!!! 일주일만먹으려구 "
"153",216,"3달 목표 정함","운동량 더 늘려서 근육 우락부락만들기 자격증 준비하기 회피성격 등 살아가는데 방해되는것들 마주보고 고치기!!! "
"154",217,"엠갤 다시 mbti 얘기하던데?","정상화 된건가"
"155",218,"여전히 이상한애들 천진데",""
"156",221,"꽤 딜레마다","         1. 사건 사고 일베 페미 찐붕이들과 부비적거리며 MBTI갤을 하느냐2. 안 하느냐나는 1번은 못해애애액3. 이곳에서 때를 기다린다3번을 선택하겠어여기에 엠붕이들이 줄어들어 최소한의 피난처 역할도 못하게 되면난 enfp도 아니고, 1번은 어려우니 그땐 탈갤할 거 같아혹시 점차 여기가 복작거리게 될 수도 있고누군가 새로 MBTI를 대표할만한 갤을 파서 단체로 이주할 수도 있고너네 생각은 어때?        "
"157",225,"내가 MBTI에 꽂힌 이유는 몇가지가 있는데","         그중 하나는 내 유형인 INTP 관한 공감이고그 다음은 내 열등기능 F 에 관한 반성과 학습이야나는 F가 부족한 채로 나 자신과 이성과 인간과 사랑에 대한 관심이 컸어단순히 연애적인 관점이 아니라 좀 더 깊고 넓은 부분에서 그랬어그런데 실수와 실패가 잦았거든다행히 처참한 개빡대가리는 아니라 시간을 경험삼아서 어찌저찌 실마리를 얻게 된 거 같아좀 뒤늦은 감도 없잖아 있지만개인적으로 나 자신을 알고 성장시키는 데MBTI를 중요하게 생각하고 있어        "
"158",226,"누군가 나한테","         어떤 사람들에게 나는 무척 위험한 사람이라 그랬는데와 진짜 그건 맞는 말이었지이제야 깨닫고 용기내서 몇 명에게 메일을 보냈는데아무도 답장은 커녕 읽지도 않았어...        "
"159",227,"주말 삭제됐다","일하느라 "
"160",228,"ㅎㅇㅎㅇ인프피놀러옴","겸듸엔붕이둘~~~~^^❤+❤+❤+❤+"
"161",230,"혈액형 성격설 갤러리 가는거 어때?","ㅇㅇ? "
"162",231,"애착유형 뒷북","안정 아니면 다 안좋다는건가? "
"163",232,"mbti 관련 밈은 엠갤에 올려야겟지???","         ㅇㅇ         "
"164",233,"뭐할까","         생각할 게 많아졌어국비지원으로 직업상담을 받은 끝에 직업상담 과정을 선택하고 교육받던 중이었지만 포기하게 될 거 같아사람은 성격별로 노력하기 쉬운 분야가 존재하고 원하는 목표(성공따위)를 위해서는 이를 고려해서 노력하는 것이 자신을 발전시켜 나가는데 조금 더 수월하지 않을까. - EDS의미가 차오르고 메시지가 필요할 때면 나는 때때로원하는 메시지를 끌어당기곤 했던 신비로운 경험이 있어이번에 읽은 EDS란 블로거의 글도 그런 게 아닐까 싶어내가 가진 이명은 15년째 꾸준히 날 괴롭히는 거 같지만어떻게 생각하면 나를 인도하는 거 같기도 해만약 아무런 문제 없이 순탄한 시간을 보냈다면지금보다 훨씬 일반적인 사람으로서 살아가고 있었을 거야INTP고 SA사회예술형이고 뭐고 엄마아빠의 가치관을 따라우선 공부를 열심히 하고 우선 좋은 대학에 가서평범하게 좋은 직업을 목표로 삼아 살면서문득문득 나 자신과 삶에 대해 알 수 없이 불만족스러웠을 거야지금 나는 무척 보잘것 없이 특이할 뿐이지만내가 보낸 시간들을 후회하지는 않아모르기 때문에 헤맸고, 헤메이느라 손을 내저었고,내가 내저은 손에 부딪힌 사람이 무척 불편해 했어시간이 지날수록 블로거가 말한 것처럼 고도가 낮아져아슬아슬한 저공비행을 하게 되었어그래도 과거의 나를 떠올려 보면 이만큼이나 자랐는 걸평생 혼자만 알아줘야 할 것 같았던 병명도 이해받게 되었어미안하고 부끄럽고 안타깝지만 실수와 실패로부터 많은 걸 배웠어나 자신과 삶에 대해 많은 걸 알게 됐어 겉으로 보기엔 아무것도 없는 것 같지만그동안 아무것도 하지 않은 건 아니야 적어도 나는 내가 그렇단 걸 알아너무나도 타인인 INTP 블로거의 이야기는너무나도 내 인생 내 이야기인 것만 같았어그 뿐만 아니라 나 같은 여러 사람들이 그 긴 블로거의 글에감동하고 공감하며 댓글을 달은 걸 봤어그 사람과 나는 고작 한 살 차이많은 사람들이 다양한 위치에서 살아가고 있어블로거처럼 그리고 나처럼 저공비행하는 사람들도 참 많더라내가 내 우울과 불안에 잠식당할 이유는 그리 타당하지 못해다시 한 번,사람은 성격별로 노력하기 쉬운 분야가 존재하고 원하는 목표(성공따위)를 위해서는 이를 고려해서 노력하는 것이 자신을 발전시켜 나가는데 조금 더 수월하지 않을까. - EDS난 조용한 환경에서 그리 원치 않는 일에 집중하기가 어려워체성이명과 INTP적인 기질이 손을 잡고 춤을 추며 나를 비웃어시간이 비명을 지르며 끝없이 죽어나가는 지독한 비효율성을 더는 못 견디겠어 내 잘못이 아니야 너무 힘들어 내가 아무것도 할 수 없는 것은 아니야내가 노력하기 쉬운 분야는 분명 존재할 거야난 견디기보다 찾는 걸 택하겠어상담사가 다시 한 번 나를 도와줄 수 있을지 모르겠어100만원이나 들인 MRI촬영과 증상에 대한 진단서를 보여주면인정하고 감안해주지 않을까 이번엔 몸을 쓰는 일을​ 알아봐야겠어그래 뭐, 나는 운동하는 것도 좋아했고 나름 팀스피릿이 있는 편이니까축구는 수비형 미드필더를, 농구는 포인트가드를 좋아했다고남들을 조력할 수 있는 포지션이라서 자연스럽게 그런 역할이 좋았어나는 좋은 일꾼, 좋은 팀원이 될 수 있어다만 손을 다치게 하는 일이나 크게 위험한 일만 아니었으면 좋겠다이상한 일이야 옷이나 얼굴은 내버려두고서 손은 왜 챙기는 걸까손 페티시가 있는 것도 아닌데, 선물 같은 느낌일까돈을 벌어 둔 사람은 이렇게 말할 거야 ""자, 내가 모아둔 돈이야""반면에 나는 말하겠지 ""자, 내가 아껴온 손이야""...... ...1인분을 해야 해 더는 미룰 수 없어병명을 알아냈지만 딱히 치료할 수 없다는 것의 의미를 이해해야 돼이해하고 받아들이고 새롭게 생각하고 나서야 해엠갤에서 어떤 인팁은 전업주식투자를 추천해줬어하지만 그건 자본과 실력을 쌓을 시간이 필요해, 근데 내겐 없지어떤 인팁들은 자신이 프리랜서이거나 전문직이라고 말해그런 건 내가 당장 나아갈 수 있는 길이 아니야, 참 부럽다지금 바로 내가 1인분을 위해 할 수 있는 것정리하자면 그건 몸을 쓰는 일이야용접? 목수? 도배? 타일? 굴삭기? 든 뭐든당장 살아남으려면 할 수 있는 일을 배워야해그러면 직업상담사는 확실히 포기하는 건가포기하는 건가... 되고 싶었는데할 수 있을 것 같기도 했는데 아쉽네이미 수업에 많이 뒤쳐지긴 했지 앞으로 더 뒤쳐질 테고이번엔 내가 게을러서 못한 게 아니니까 깔끔하게 인정하자우선 상담, 상담을 받아야지받을 수 있는 도움을 받자        "
"165",234,"수면제 내성생겼나","두시간자고깼네 "
"166",235,"조금 내려놓으니깐 애착유형",""
"167",236,"회피형 치워버리기 1일차","잠깬김에, 2번: 마음근육 키우기  1. 감사한 일 3가지 적기 - 카메라를 사도 문제없는 재정상태 - 카메라로 찍을 곳이 많은 고향 바닷가 - 집에서 노곤대도 걱정이없음 ​ 2. 나를 칭찬해주고 싶은 일 3가지 적기 - 추운데도 사진을 찍으러 나간 것 - 우쿨렐레를 다시 친 것 - 금연을 시도한 것 ​ ​ ​ "
"168",237,"걍 1번도 해야지","​ ​1번: 자기 전에  1. 오늘 안 좋았던 일: 인스타스토리에 원하는 친구가 답장을 안해줌 2. 오늘 좋았던 일: 생각지도 못한 친구한테 답이 옴 3. 내일의 계획: 운동하고 우쿨렐레좀 치다가 연락해야하는 대상한테 할지말지 고민 4. 지금의 감정 상태: 안정된듯, 하지만 안정되야하는 시기임에도 내부에서는 뭔가 분노도 아닌 감정덩어리가 부글부글 끓고있어서 가만히 있을 수가 없다 ￼ "
"169",238,"자다 일어난 새벽의 기분은 적적하네","언제부턴가 밤에 일기를 쓰는 것도 멈췄음 다음날 보기에 창피하다는 이유로 나이를 먹어갈 수록 나보고 뭐라고 하는 사람은 없는데 내가 나한테 뭐라고 해 완벽주의자도 아니면서 괜히 트집잡어 내 언행을 내가 트집잡아 이런거는 조금 아니지 않았나 이거는 조금 과했네 이런 식으로 그러다가 결국 하나씩 안하거나 무시하게되었고 나는 그저 깔끔해보인다는 이유로 필터링을 더 강화하고 나는 이제 사포로 갈아내 버린 그냥 모양도 잃어버린 유선형의 무언가가 된거야 나는 어렸을때 조금 울퉁불퉁했던 곳도 있었던 것 같은데 여기는 조금 파여있었던 것 같은데 새들도 알을 깨고 나와서 삶을 살아가는데 나는 내 자신조차 깎고 갈아서 알로 돌아가고 있었던 거지 이젠 너무도 어려워졌어 예전처럼 살아가기가 매일 숨쉬듯 자연스러웠던 내 말투와 행동과 습관이 노력으로 겨우해야 흉내수준이나 나온다고 그렇게 나는 자기부정 타인부정의 불안회피형 인간이 된거야 그 누구도 나를 괴롭히지 않았는데 내가 나를 깎아내려서 다른 사람과 가까워지면 혹여라도 상처입을 그 상황이 싫어서 그냥 그 사람과의 관계 자체를 시작하지도 않고 부정했어 수면제도 다 깨서 잠도 안오고 패턴은 더 망가졌네 그냥 한 알 더먹고 억지로 잘까 우울하거나 화나지는 않은데 가슴 언저리가 먹먹하네 그냥 "
"170",240,"진행상황","         금요일 : 밀린 공부 하려 덤빔 ㅡ> 효율 최악토요일 : 재도전 ㅡ> 효율 최악 ㅡ> 스트레스로 인한 탈진, 정신줄 놓고 mbti 탐험일요일 : 정보 습득과 공감, 인정과 이해와 해석과 분석과 고민으로 포기를 정조준월요일 :상담결과- 이미 기간과 기회를 다 쓴 상태라 곧바로 학원 갈아타기 불가능- 구직자가 아니라 재직자 신분으로 지원받을 수 있음- 그러려면 취직을 한 상태에서 6개월이 지나야 가능- 취직을 해야 하니까 일단 취직률이 높은 아무 일이나 해야함- 어떻게 할 것이지 이번 주 금요일까지 생각 정리해서 알려줄 것- 그 전에 학원에 무단결석하지는 마세요오늘 맘먹고 결석했는데...이틀인가 까지는 된다고 했으니까 괜찮겠지곧이어 학원에서 걸려온 전화학원의 여러 사무를 보는 젊은 남직원이다(굉장한 훈남)오늘 몸이 안 좋아서 빠져야겠다는데친절한 목소리로 편의를 봐준다즤엔장 친절하게 편의를 봐 주지 말라고!!!엎친 데 덮친 격으로 예상치 못한 또 다른 난관이건 아무래도 악마들의 속삭임이다예쁜 나이? 풋ㅋ 아! 내 나이를 모르는 건가?생긴 거만 보면 그럴 수 잇디..시간이 지날수록 자주 듣게 되는 말이 동안이라는 거다어느 날 엄마한테 ""사람들이 자꾸 동안이라는데요?"" 라고 물어보니까 ""ㅇㅇ 근데 그거 일 안해서 그런 거임ㅋ"" ㅇㅋ... 엄마 답지 않게 쫌 예리한 거 같기도 했다 아니 그게 중요한 게 아니고분명 자기 전까진 다 결정한 것 같았는데왜 또 싱숭생숭해지는 걸까무슨 미련이 남아서ㅡ        "
"171",241,"엔프피들은 왜케 기여울까","         엔프피 후배 한명이 너무 기엽다깨발랄하고 천진난만 고등학생 소녀스러움물론 사춘기마냥 기분이 와리가리하는 게 보이긴 한다만 평소에 앵기는 거나 투덜투덜대는거 다 넘 기여움그런 사랑스러운 귀여움은 어디서 나오는 건지 궁금함난 인프피인데주위에서 나한테 귀엽다고 하는 말들은 내가 멍청한 짓or말을 했을 때거든근데 엔프피들이 귀엽다는 말을 듣는 건 깨방정 떨고 애교 부리고 앙앙거릴 때잖어그런 류의 귀여움이 너무 좋아대충 내 후배 기엽다는 자랑글..        "
"172",243,"인팁 1인의 19 talk","         생식기라길래 생각나서인팁 치고도 개인적인 합체 썰을 풀어 봄준비물1. 뚜렷한 INTP 2. 피해주기 싫어하는 강박3. 이기적이고 싶지 않은 강박4. 적은 경험(각각 뭐가 필요충분조건인지는 잘 모름)결과물생각으로 하는 합체너넨 생각으로 하는 합체라는 걸 아니본능조차 강박, 걱정, 생각의 틈 속에서 좀 처럼 숨을 못 쉬게 될 때 그것이 가-능1. 야리꾸리한 분위기 속에서 서로 부비적 부비적2. 둘 다 텐션 업!3. 교과서대로 10~20분 간의 유희를 실행4. 합체의 시작5. 이 신음은 아파서일까? 좋아서일까? 6. 걱정 업! 본능 다운7. 오늘은 성공(?) 할 수 있을까?8. 걱정 업! 본능 다운9. 오래하게 되니 힘들다, 슬슬 아프지 않을까?10. 걱정 업! 본능 다운11. 지쳐 쓰러지기 전에 계산해서 스퍼트 올림12. 성공(?)하지 못했음에도 서둘러 마무리지음13. 방심하지 않고 무척 만족한 척하기(페르소나)14. 상황이 무사히 종료된 것 같으면 휴식생각해보니 나는 부족한 Fe기능에 대해 준비물 2,3번 강박들로 보충하는 편이었던 것임그런 강박들을 지니고 있으면 최소한 인간관계에서자신의 감정이나 본능에 따른 무례하고 이기적인 행동을 미리미리 조심할 수 있으니까실제로 피상적인 관계에서는 착하고 예의바르게 작용함그런데도 중요한 순간에 실수가 잦았던 까닭은 건강한 Fe기능이 아니라불완전한 강박관념들을 사용했기 때문일 듯나름 무의식적으로 대가리 굴린 건데 한계가 있었던 것쿠쿠...다시 합체 얘길 해보자면, 다섯 번에 한 번 꼴로끝까지 갈 수는 있었지만 그 과정 자체도 보통 힘들고 험난했음그래서 나는 성욕과 별개로 합체에 대한 집착이 아주 낮았음애인과 3년간 동거해봤다고 하면 어떤 사람들은'야 씨 고것 참 밤마다 땀이 흥건했겠다' 하겠지만 사실거의 리스에 가까웠다 (같이 살면서 자주 다툰 까닭도 있고)고민하면서 걱정스러웠는데 왠지 꺼내놓고 얘기해보진 않았음아직도 문득문득 그게 후회스러워 혼자 사리고 혼자 앓고 오히려 장기적으론 상대한테도 좋지 않은 건데 말야어려서 어쩔 수 없었나 싶기도 한데 시간이 흐른 지금도 여전히 나에겐 미해결 과제야쳇,        "
"173",244,"자짤 장착해옴","라푼젤ㅠ 예쁘지"
"174",246,"너네 왜 야한얘기해!!!","부끄러~ 대화라고 부를만한 대화를 하는 관계가 참 중요한 것 같음 언젠가부터 대화라고 부를만 한 대화를 한 적도 없고 귀찮기도하고 무섭기도하고 그래서 잘 안하게 되는 것 같음 나는 개인적으로 나와의 끈끈한 관계가 끝났다고 생각할 때가 '내가 굳이 얘랑 이런 진지한 얘기를 해야하나' 라고 머리를 스쳐갈 때임 그럼 그제서야 아 이제 이 사람은 내 인생에서 흘러가는 사람이구나 싶음 "
"175",247,"오늘은 자기전에 1번할거임",""
"176",248,"피난왓서요","흑흑 시발 잇티제쟝 난민 받아라 "
"177",249,"마이너 갤 넣은거 반려 됨.","궁금해 하는 애들 있을거 같아서 글 남김."
"178",250,"감기는 나았는데 코가 부어서","코맹맹이 소리가 나 축농증인가?? 바보같아 친구한테 진지한 얘기해야되는데 "
"179",251,"가르마 반대로 타는법 아는사람","나는 맨날 머리카락이 시계방향으로 흐르고있음 잘때 반대로 눌러도 뜨기만하지 반방향으로 안돌아 나는 왼쪽 이마 드러내고싶은데 그럼 오른쪽만 드러나 "
"180",252,"마이너갤 걍 운영진 운빨인거같음","아무거나 막 잘열어주는 운영진이잇고 다 안돼 하는 사람이있음 "
"181",253,"나도 결국 고닉팜","벌써 천재있어서 천재님했어나야 천재"
"182",254,"엔프피의 19톡","누가올려줘 ㅠㅠ"
"183",255,"잇팁의19톡","잇팁에게 이런 건 있을 수 없어 "
"184",256,"마갤 신청했는데 아무 연락도 없으면 반려된거임???"," - shangus"
"185",257,"애들아 나 디시얼마안해봐서 그러는데","추천이랑 비추는 어캐하는거야?? "
"186",258,"마이너 갤러리 신청각 떳냐!!","안보고 올린다  "
"187",260,"(진짜) 엔프피 19톡 (+퀴어)","제목을 저렇게 달긴 했는데당연한 소리지만 엔프피라고 다 이런 거 아니고 나는 내가 특수한 케이스라고 생각해엔프피는 오픈마인디드라고 하잖아나는 시스젠더 여성 범성애자고 폴리아모리야정확히 말하자면 시스젠더라는 건 깊이 생각해보진 않았는데 굳이 내 몸에 대해서 부정적인 인식을 가진 적 없었어내가 가진 성격이나 사상은 그냥 나 자신이라고 생각해서 성별을 붙이지 않았고그러다보니 여자는 뭐해야하고 남자는 뭐해야하고 이런 생각이 의미없다고 생각했음내가 학생때 좀 터프하고 형님같은 성격이었는데? 그냥 내 성격이 그렇게 태어난건데 어릴때 너는 기집애가 어쩌고 저쩌고 이런 얘기도 많이 듣고우리 할아버지는 어릴때 나한테 남자 애기가 입는 한복 입혀놓고 사진걸어두고 좋아하셨어 ㅋㅋㅋ 지금 생각하면 기만이고 위험한데여튼 그래서 딱히 성별의 구분이 필요한가 의문을 가졌고 이 생각은 지금도 그래내가 양성애자도 아니고 범성애자라고 생각한 이유는 내가 예전에 좋아하던 애가 FtoM 트젠이었음그리고 사랑하는 데에 나는 굳이 성별이 필요없다고 느껴지는 평이기도 했고폴리아모리라고 생각하는 이유는 굳이 모노아모리라고 생각하지 않아서야 그래도 일단 사회 관습이나 풍념상 모노아모리를 기반으로 하니까, 다른 사람과 교제할 때는 상대가 나에게 모노아모리라고 기대할 걸 알고 나도 그렇게 행동하려고 하는 편이야다 떠니서 내가 누군가를 쉽게 좋아하는 편이 아니라서 한번도 다자연애를 해본 적은 없지만 ㅋㅋㅋㅋㅋ그냥 열려 있는 편이라고 할까나는 사랑이랑 섹스랑 구분되는 편이야섹스는 사랑의 부수적인 부분이지만 필수적인 부분은 아냐 적어도 나한테는예를 들어 내가 정말 사랑하는 사람이 갑자기 불구가 되어서 평생 동침을 못한다고 해도 나는 그 사람을 사랑할 거라고 생각해이렇게 말해도 내가 실제 상황이 되면 어떻게 될 지 모르겠지만..e_fp 유형이 개방적이고 문란하다는 해석들이 있는데,나도 어느정도는 이해하긴 함... 이게 양날의 검이라서, 조금이라도 생각이 엇나가면 이상하게 생각할 가능성이 있어기본적으로 인간에 대한 신뢰를 저버리는 사람들이 나쁜 행동에 대한 합리화로 딱 갖다 붙이기 좋은 거 같아 ㅎㅎ....나는 선을 잘 못 긋고 음식에도 호불호가 크지 않음그래서 제일 좋아하는 음식이나 제일 좋아하는 친구를 말하기도 어렵지순위를 매긴다는 거 자체가 내 애정에 대한 기만이라고 생각해서친구를 만나는 것도 좋고 애인을 만나는 것도 좋아서하루는 애인 만나면 하루는 친구 만나고 싶고 이런 편이라 모든 시간 온종일을 애인과 보내는 건 피곤했어그래서 예전엔 애인이 나한테 나랑 보내는 시간이 제일 좋지? 라는 식으로 물어보면 대답하기 어려웠어요새는 그냥 애인 맞춰준답시고 웅 당연하지 ㅎ 할 수 있긴 할 거 같아먼 티엠아이를 더 풀어야 되나여튼 나는 내가 졸라 이상주의자라고 생각해그러다보니까 현실과 괴리감을 많이 느끼고 현타도 자주 맞는 거 같아"
"188",262,"에니어그램을 잘 몰라서 그러는데","에니어그램의 날개는 무조건 둘 중 하나로 고정되는 거니?7w6 아니면 7w8이라는데7w6에 더 가깝긴 한데 약물 중독을 조심하라니 너무 무섭다ㅠㅠ요새 스트레스 받아서 폭음중이긴한데 참긴해야겠어"
"189",264,"잇팁 19톡","모든 일은 술에서 시작하고 "
"190",265,"열등기능을 등한시한 인팁의 최후는","         ""넌 싸이코패스 같아.""라는 이별 멘트를 듣게 되는 것.        "
"191",266,"제발 내일아침 수강신청 성공하게해주세요","제발 우주공강만없게..졸업만하고 공기업준비할랑게.. "
"192",267,"오늘의 1번","​1번: 자기 전에  1. 오늘 안 좋았던 일: 턱에 뾰루찌남 2. 오늘 좋았던 일: 그냥 친구랑 연락많이함 3. 내일의 계획: 제발 수강신청잘되게해주세요그거이후로는아무거나 4. 지금의 감정 상태: 수강신청시바ㄹ "
"193",269,"아.. 눈썹 다듬다가 그어버렸다.....","개 조졋다.."
"194",270,"고흐","         강하고 존경스러운 사람        "
"195",272,"INTJ 1번 해봣서","1번: 자기 전에 1. 오늘 안 좋았던 일:눈썹 다듬다가 빵꾸냄..2. 오늘 좋았던 일:사람들과 트러블도 없었고 별탈없이 대화도 즐거웠고 잘 보냄3. 내일의 계획:회식때 술 적당히 마시기, 점수 따기4. 지금의 감정 상태:눈썹이 상당히 신경쓰임"
"196",273,"나도 1번 시작","특별히 손글씨로 (๑˃̵ᴗ˂̵)+ "
"197",274,"1번쓰고 공부하러감","1. 오늘 안 좋았던 일: 별일 아닌일로 콜들어와서 안좋앗음"
"198",275,"여기 미션도 있서?","1번 2번 3번은 머임?? 딮다크판타지 개돼지쟝 껴도되냐 "
"199",276,"1번미션이라든데 이렇게 하면 되냐","1번: 자기 전에  "
"200",278,"와아 글리재랑 야굴쟝","         둘이서 '1번' 유행시킨 거 대단하다다 자기한테 도움이 되는 거자나내가 보이는 족족 추천요정 하겟어        "
"201",279,"교회서 날 위해 기도한단 소리를 들으면 우수움","어차피 빈말인거 알고 있지만 그래도 두가지 이유에서 웃김 "
"202",282,"말 이야기가 나와서 올리는 책 구절인데","책에선 비웃으려고 제시했지만 별로 틀린말은 아닌거 가틈 "
"203",283,"하고싶은말 있어요"," - dc official App"
"204",284,"언어는 추상적인 수단이지","언어 자체가 무언가가 될 수는 없어그냥 어떤 개념을 주물주물거리기 위한 수단이지대화와 별개로 언어는 빈 껍데기야"
"205",285,"섹스섹스섹스","         섹스섹스섹스 벌컥벌컥 맛 조타~~~~        "
"206",286,"계속 딴짓하면서 할일 미루는 버릇 어케 고침?","         본인 지금 빨리 끝내야할 일이 있는데도뻘글 쓰고 화장실 들락날락거리고 계속 딴짓중인데해야할 일 제때제때 하고 여유있게 끝마치는 친구들이 상당히 부러움...난 계획표를 짜도 맨날 못지키고 결국 벼락치기로 향하고 마는데다른 xnxp들은 이런 습관 어케 고치냐?        "
"207",287,"일어났는데","졸림 "
"208",288,"나는 좋아하는 것도 싫어하는 것도 없는","초연한척 하면서 살아왔는데 내가 좋아하는 게 부정당할까 봐 내가 싫어하는 게 누군가에겐 주된 것 일까 봐 지금보면 그마저도 회피였나 싶네 "
"209",291,"야호야호야호야호","한과목빼고 올클 "
"210",292,"금공강!금공강!금공강!금공강!금공강!금공강!금공강!금공강!금공강!금공강!","금공강!금공강!금공강!금공강!금공강!금공강!금공강!금공강!금공강!금공강!금공강!금공강!금공강!금공강!금공강!금공강!금공강!금공강!금공강!금공강!금공강!금공강!금공강!금공강!금공강! 호우 "
"211",293,"이정도면 될까...?",""
"212",295,"아래 정치글 말인데 ","나는 인팁이고 일단 꼰대나 그 기반 사회 분위기는 확실히 싫어함.  "
"213",296,"우리나라 국회는 존나게 보수적임","보수좌파 보수우파가 집권여야고진보 좌우가 바꿔보려고 하지만 그들도 과거의 망령에 괴롭힘 당하는듯내 결론은 국회출석률 100%찍을때 젊은 의원들 대피시키고 불질러야됨"
"214",297,"점심의 추천곡~",""
"215",298,"본거지가 생긴 건가여?","굿빅 수고하셧읍니다하아 학원끈낫다 집간드아"
"216",299,"엔프피 좋아","엔팁의 촐싹거림과는 차원이 다른 끄앙스러움이 있음엔프피 동생 있으면 좋겠당"
"217",300,"엔프피 공부할때 니네도 이러냐 ","책 이거저거 다 사는데 제대로 끝낸게 없음 "
"218",301,"운동하다가 토한건 진짜 오랜만이네","빡세게 한것도 아닌데.... "
"219",302,"엔프피 공부 꿀팁준다","본인 학창시절과 직장생활에서 같이 써먹는 꿀팁인데사실 다들 이렇게 하고 있을거라 생각함딴짓 오지게 하고 싶으니까딴짓1번에 공부1페이지 이런식으로해서 몇시간씩 그냥 조짐학교 다닐땐 덕질 좋아해서 1영상 3페이지 이렇게 하고딴짓이고 뭐고 그냥 하기 싫을땐 알림 7분간격으로 맞춰서 알림 울릴 때마다 뭐든 생산적인거 하면서 공부함6시간 공부하면 날려먹는시간이 반이상이지만 가만히 있는것보단 낫지 하면서 나름 저방법들로 성적 끌어올림 ㅎㅎ"
"220",303,"요근래 4일간 인팁이 먹은 것 리스트 대공개","         물치킨1햇반1스팸1핫바1몬스터에너지1>>ㅓ 억후.. 너넨 이렇게 살지 마라..        "
"221",304,"가끔은 내 잇팁성햣이 나도 모르는 사이에 만들어진 페르소나같사","남에게 관심이 자꾸 가는걸 "
"222",305,"오늘의 1번~","1번: 자기 전에  ​ ​ 1. 오늘 안 좋았던 일: 의지가 꺾임, 무기력함 ​ ​ 2. 오늘 좋았던 일: 수강신청 성공함, 헬스하고왔음 ​ ​ 3. 내일의 계획: 아직 미정 아마 운동하고 복학준비? ​ ​ ​ 4. 지금의 감정 상태: 뭔가 조바심 나는 하루 ​ "
"223",306,"누구 기사 따본사람","전기쌍기사나 전자기사 준비기간 어느정도돼? "
"224",309,"아이구가 날 Motivate 했어 3번","3번: 회복 탄력성 키우기  ​ 1) 친구가 대단한 사람 이야기를 해서 듣고 나와 비교했더니 기분이 좋지 않았다.  ​ 2) 해서 ????????했더니 기분이 좋아졌다. 3) ????????한 방향으로 ????????하겠다. (긍정적 방향 설정) ​ ​ ​2번 3번 막힘..;;;; "
"225",310,"감사감사감사감사감사","헬스할때 코어근육 기르듯이 구체적인 감사는 힘들어도 감사를 달고살려고 일단 디씨를 걱정없이 할 수 있고 폰으로 노래들으며 빈둥댈 수 있음에 감사! 복학준비하며 미래를 준비하게 도와주실 가족이 계심에 감사! "
"226",311,"일단락-상담사 학원 엔팁 원장님께 받은 상담",""
"227",313,"운동하다 토한 내 루틴","1. 워밍업 트레드밀 속도 14로 1km "
"228",315,"근데 내성이 쌔졌는지 잠은안오고","삼십분도안돼서 수면제 다깨고 잠도못잤네... 이건뭐 취하려고 술먹는느김.. "
"229",316,"오늘 1번","1번: 자기 전에 1. 오늘 안 좋았던 일: 알바하다가 사람한테 기빨림 너무 피곤2. 오늘 좋았던 일: 저녁에 맛있는거랑 술 먹음3. 내일의 계획: 알바 일찍 퇴근하고 친구만나서 공연보기4. 지금의 감정 상태: 내일 아침 일찍일어나야하는데 걱정"
"230",317,"1번","1번: 자기 전에  "
"231",319,"1번 2번째 튜라이","1. 오늘 안 좋았던 일: 개가 아파서 동물병원 다녀옴. 늦잠잠  "
"232",320,"수면제 쳐먹고 이상한글 써놨네 또 ㅋㅋㅋㅋㅋ","아오 그래도 카톡아니고 디씨랖그나마 다행이다 "
"233",321,"신선한 아침 노래 들으면서 미션 1주차","내가 생각하는 나의 장점 열가지 1. 말을 재밌게 하는 편이다 2. 웃음이 많다 3. 노래 부르기를 좋아한다 4. 이런 저런 악기를 다룰 줄 안다 5. 생각의 폭이 넓다 6. 공감을 잘하는 편이고 이야기를 잘 들어준다 7. 기계를 곧 잘 다룬다 8. 읽는 것을 좋아한다 9. 사진 찍는 것을 좋아한다 10. 혼자서 잘 논다 모든 일에 양면성이 있다고 생각하는 편이라서 굉장히 힘든 미션이었당 "
"234",322,"빅파이브중인데 재밌네....",""
"235",323,"리더십 없다매",""
"236",324,"나두 슬슬 공부해야겠지?","공머 군보칵생 미리보면 좋은것들 모가있을가? "
"237",326,"치과서 잇몸마취했는데","숨이 안쉬어짐 시바거 ㅠ "
"238",327,"어두운면 테슷흐","개빠앗서 "
"239",328,"집에 혼자라 위스키 때리면서 유튜브 보는중","냠냠 "
"240",329,"나도 술마실레"," - dc official App"
"241",330,"확실히 위스키가 오래가긴하네","세네시쯤 두잔마셨는데 아직도 날숨에 위스키향남 "
"242",331,"나도 붱이 키웅래~~~~~~부럽다","붱이랑 괭이 키우고싶음 "
"243",332,"인팁이 오히려 진보적인 성향은 바닥일걸 ","모험심이나 도전욕구, 추진력 개방성 등등 다 낮은편이잖음  "
"244",333,"사실 엠비티아랑 정치'색'이랑은 관계 없는거같음","         나는 다양성을 존중하지만 요즘같은 급진적이고 강요되고 억지스러운 PC 물결은 거부감이 듬그리고 다른나라들처럼 국수주의 혹은 자국 위주의 정부가 조금 부럽기도함자기가 지지하는 정치색을 어떠한 식으로 표현하고 얼마나 강하게 지지 하는지정도가 엠비티아로 나오는거같음        "
"245",334,"오늘은 술 안 마실라고","남친이랑 헤어지고 거의 하루에 한캔 이상씩 술 깠더니면역력도 떨어지고 온몸이 피곤함한 캔도 아니고 맥주 두 병 이상씩 먹었어.이러다 알콜 중독 올 거 같아..그래도 오늘 기분 좋았던 점 : 다리 다친 게 거의 나은 거 같다 이제 뛰어도 안아파술 당분간 안먹을래. 금주 !"
"246",335,"갑자기 생각난다 할로윈때 강남 떨파 갔었는데","떨파(Thursday party) : 클럽같은 분위기의 스탠딩 위주 펍인데 입장료가 없고 술 값이 쌈. 정말 춤추고 놀고 싶을 때 주로 가는 곳할로윈때 떨파 갔는데내 친구들(혼성)이 옷 존아 웃기게 입고 있어서 (미친 코스튬들이었음)외국 사람들이나 동네 힙쟁이들 다 우리쪽 와서 같이 춤추고 놀고 그랫음 마치 like 이디엠 페스티벌그러다 어린 여자애들이랑도 같이 놀게됐는데20대 극초반이더라고근데 걔네가 날 너무 좋아했음 나 그때 화장 개쎄게하고 눈밑에 핏자국그리고 그래서그랫낭?여자애 한명이 자꾸 나 쳐다보면서 포옹하면서 언니 넘 쥬아용 이래서안그래두 내스타일로생겨가지고 나도 술 존나 취한 상태라 진심 뽀뽀해버릴번햇음직장동기들 앞에서 커밍아웃할뻔했음그러구 번호따엿음진짜 술 그만 마셔야지"
"247",336,"1번 3트","1. 오늘 안 좋았던 일: 치과치료 "
"248",337,"김치찌개","easey "
"249",338,"1주차 미션 나의 장점","▶나의 장점 10가지 적기-자기 부정적인 사고패턴을 긍정적 프레임으로 바꾸기 위한 미션-나의 단점이라고 생각하는 부분을 장점으로 해석해보기1. 노래 잘함 2. 혼자서도 잘 함 3. 스타일 좋음 4. 친구 많음 5. 가족들이 다들 건강함 6. 감정 표현을 잘 함 7. 모험을 두려워하지 않음 8. 나를 행복하게 만드는 것이 뭔지 알고 있음 9. 음악을 좋아함 10. 그림 잘 그림"
"250",340,"내 장점 10개 찾기 챌린지","▶나의 장점 10가지 적기 "
"251",341,"오 일","오늘의 일번 1번: 자기 전에  1. 오늘 안 좋았던 일: 금욕 시도중인데 실패함 ㅎㅎ; 2. 오늘 좋았던 일: 그냥 오늘 초 하이텐션이었음 걍 하루종일 신났음 내 방문에 턱걸이 봉 있는데 그걸로 날라다님 3. 내일의 계획: 단기공부계획 짜기 / 운동 / 재즈피아노 연습하기 4. 지금의 감정 상태: 물 너무 마셔서 토할거같음 "
"252",344,"ㅎ암","자꾸 일직 눈이 떠져 여섯시쯤   더자야하는데 "
"253",345,"파마했는데","거의 5년만에 앞머리라고 부를만한게 생김 그것도 뺨까지 와서 앞머리라기엔 애매쓰하지만파마 개잘됏다고 (원래 파마 말고는 머리에 손 잘 안댐)언니가 내 머리 세팅해주면서""언니... 언니 머리 진짜 환상적이에요 특히 여기 앞머리가 진짜... 컬 한 1년 갈 거 같아요..."" 이럼 언니 귀여움 ESFP같은데"
"254",346,"보인다 보여","내 주변 F들이 보여싱기하구먼주도적인 감정이라니"
"255",348,"생각해보면 내가 엠비티아이 과몰입하게된것도","스트레스받으면서 이렇게된거같음나는 건강해지면 이곳을 떠날거야"
"256",350,"오늘의 산책쏭","https://www.youtube.com/watch?v=unxxm3Q6Ob8"
"257",351,"피곤해","오늘도 늦잠 "
"258",352,"내가 엠비티아이에 빠진 이유","흥미로워서.탈갤은 언제?흥미 잃으면."
"259",353,"ENFP 입갤 ㅎㅇㅎㅇ","옛날에 신청했다가 중복이라고 반려당했는데 드디어 만들어졌구나 "
"260",354,"모든 아재들은 틀니를 착용했으며","그중엔 솔의눈을 닦아주는 이들도 있었다.  내 취향 몰까..  "
"261",355,"다들 심리 테스트 갤로 ㄱㄱ","mbti갤 갤망진창 피신처 겸 쉬러 오렴"
"262",356,"방구석에서 mbti나 빠는 찐따ㅅㄲ들아.","코로나 조심해라. 건강이 일순위여. 요즘같이 코로나 태풍이 몰아치는 시국엔 방구석에서 지 좋아하는거 하는게 영리한거지. 암. "
"263",364,"나 지인짜로 팔랑귀야 너네도 그래??","원래 관심도 없던거라도 누가 와서 이런 저런 좋은점들 좀만 말해주면 제대로 알아보지도 않고 바로 결정해버림 ㅋㅋㅋㅋ"
"264",365,"엔프피 노래 츄천"," - dc official App"
"265",367,"너넨 공부 어떻게 극복했어?","하고싶은 공부말고 해야하는 공부"
"266",369,"사이버~사이버~서울사이버대학을 다니고~","https://youtu.be/BbcJwm33pEE "
"267",370,"엔팁 쌉인싸 유형임??","ㅇㅇ??"
"268",371,"인싸갤러리 순회열차 입니다","첫 댓글이 지목하는 갤러리로 가는 순회열차입니다.정확한 갤러리 이름으로 작성해 주세요.일정 시간이 지나도 댓글이 올라오지 않는다면 랜덤으로 다른 갤러리로 출발합니다.또한 이미 다녀왔던 갤러리로 다시가지 않으며전부 순회한 후에는 종착역 갤러리로 돌아갑니다.50번 갤러리를 방문한후 종착역 갤러리로 갑니다.출발. 해외축구 갤러리2.아이즈원 갤러리3.마비노기 영웅전 갤러리4.리그오브레전드 갤러리5.편의점 갤러리6.락스타 게임즈 갤러리7.중세게임 갤러리8.닌텐도스위치 갤러리9.우한 갤러리10.국내야구 갤러리11.고추 갤러리12.우리엄마 갤러리13.첼시 갤러리14.코로나 바이러스 갤러리15.새로운보수당 갤러리16.던전앤파이터 갤러리17.가온차트 갤러리18.배리나 갤러리19.만화 갤러리20. 쏜애플 갤러리21.러브라이브선샤인 갤러리(삭제됨)22.월피스카터 갤러리23.우타이테 갤러리24.귀멸의칼날 갤러리25.이구로 오바나이 갤러리26.DAY6갤러리27.식물갤러리28.첸(exo)갤러리29.하모니카 갤러리30.INFP갤러리31.기만 갤러리32.관악기 갤러리33.물고기 갤러리34.아코디언 갤러리35.플룻 갤러리36.클라리넷 갤러리37.나이프 갤러리38.삼단봉 갤러리39.롱소드검술 갤러리40.카모카테 갤러리41.생존주의 갤러리42.페이트그랜드오더 갤러리43.타입문 갤러리44.유희왕 갤러리45.ENFP 갤러리"
"269",372,"엔픞인픞 왓다갓다합니다","글리젠 활발했으면조켓당"
"270",374,"안뇽...","헤헤 "
"271",375,"밀리의 서재 갤러리 놀러오세요","독후감 쓰고 기프티콘 받기 지금 바로 참여 https://m.dcinside.com/board/millie/6 "
"272",377,"있잖아 너네는 제일 친한친구 한명을 말하라면","누구다!라고 말할수있어?"
"273",378,"enfp랑 만나고 싶다","진지하게 만나고 싶다면 어디서 만나야 할까?"
"274",384,"엔프피 특징","이런뻘글씀 "
"275",385,"스파크형 맞냐??","갤은 우울증갤 2중대 같은데... "
"276",386,"갤주딱 어디감???","ㅇ?????왜증발함 "
"277",387,"인프피가 좀 외향적이면 엔프피같음","내가 그래... "
"278",388,"나 완장줘","재밌을거같애 "
"279",390,"외향직관 좀 갈켜주셈","         주기능 외향직관인 곳이래서 들려봄난 외향직관을 부기능으로 쓰는 유형인데내가 쓰는게 정확히 외향직관인지 뭔질 모르겠음 외향직관이란게 느낌적으로 어떤건지, 내향직관과의 차이점 좀 갈쳐주면 좋겠음.일단 내가 보기엔 감각형은 지금 당장을 중시하는반면에.직관은 외부의 X를 인식했을때, 이것이 무엇인가에 대해서 가능성을 떠올리는 느낌같음 외내향에대해서 지극히 개인적인 의견으로는내향직관은 X가 어떻게 해서 형성된건지반례가 없도록 과거를 추론해서 X를 완벽하게 이해하려는 쪽이라면외향직관은 한두가지 근거만으로도 X가 앞에 어찌될건지에 대해서 관심이 큰 거 같음난 외향직관이 상당히 순간적으로 이미지가 떠오르고 또 금새 잊어버린다는게 꿈이랑 되게 흡사해보이던데주기능으로 쓰는 사람들은 이에 대해 어찌 생각하는지 가타없이 태클 좀 걸어주길바람        "
"280",391,"토레타컴백 1일차","도라와~~워~우~워~~~~ "
"281",392,"토컴기 2일차",""
"282",393,"나랑 아는애 같이 엔프피로 나왔는데","걔랑 나랑 성격이 정반대야... 이럴수도 있나?나는 좀 속좁고 남눈치 많이보고(와중에 기분나쁘면 티는 ㅈㄴ냄) 그친구는 그릇이 크다해야하나 쿨하고 할말다하고 나는 좀 만만해보이는 성격인데 걔는 다들 함부로 못함..나는 의심돼서 계속 검사해봤는데 항상 엔프피로 나옴 ㅋㅋ근데 이럴수가 있어?"
"283",399,"토컴기 3일차",""
"284",400,"enfp 연애로 고통 중 mbti는 과학이 맞냐?","         estj 유형이랑 연애중인데정말 취향쪽으로 뭔갈 같이하면 너무 즐겁고 행복한데뭔가 문제가 생겨버리면 너무너무 해결방법이 다르다. 그걸로 고통중이고그러면서 진짜 이거 과학인가 싶기도 하고현실적으로 도움 될법한거 아는 사람있냐이런 연애 해본사람 있냐좀 도와줘 살려줘        "
"285",401,"enfp인데 enfp 여친있었음","존나 서서히 화르륵 타다가 "
"286",402,"엔프피들 ㅎㅇ","예전유형이라 가끔나와서 들름"
"287",403,"토컴기 4일차",""
"288",404,"ㅋㅋㅋ 엔프피 enfp 갤 망 ㅋㅋㅋ","ㅋㅋㅋ 엔프피 enfp 갤 망 ㅋㅋㅋ"
"289",406,"엔프피 노래 업뎃",""
"290",407,"회피형 극복 어떻게 하는거임?","         버티고 생각나는 거 바로하기 이런 것도 작심 삼일이라 오래 못함         "
"291",408,"엔프피는","너무 귀여워"
"292",410,"엔프피~~~~","정말 오랜만에 입갤갤 살아났으면 좋겠다"
"293",411,"엔프피 유형의 유명인+캐릭터","         ENFP[마블] 스파이더맨(톰 홀랜드) / 스타로드 / 카렌 페이지(데어데블) / 마일즈 모랄레스(뉴 유니버스)[DC] 할리퀸[해리포터] 론 위즐리 / 도비[스타워즈] 핀 / BB-8[그리스 로마 신화] 가니마데, 아폴로[기타] 주디 홉스(주토피아) / 안나, 올라프, 이두나(겨울왕국) / 커비(별의 커비) / 하루(고양이의 보은) / 에리얼(인어공주) / 라푼젤 / 지니(알라딘) / 피카츄 / 우사기(세일러문) / 빙봉(인사이드 아웃) / 엘리엇(스캄 프랑스) / 에반(스캄 노르웨이) / 심바(라이온킹) / 요시, 데이지 공주(슈퍼마리오) / 피터팬, 팅커벨(피터팬) / 핑키 파이(마이 리틀 포니) / 싯포(이누야샤) / 히나타(하이큐) / 체리(카드캡터 체리) / 클레멘타인(이터널 선샤인) / 하울(하울의 움직이는 성) / 엘리(라스트 오브 어스) / 썸머(500일의 썸머) / 트레이서(오버워치) / 피타(헝거게임) / 도리(니모를 찾아서) / 릴로(스티치) / 레미(라따뚜이) / 트루먼(트루먼 쇼) / 유령 신부 / 잭잭(인크레더블) / 제인(타잔) / 브리짓 존스 / 피노키오 / 베티(베티 블루) / 파이퍼, 소소(오렌지 이즈 더 뉴 블랙)ENFP월트 디즈니안네 프랑크살바도르 달리오스카 와일드찰스 디킨스올리비아 핫세크리스 프랫제임스 맥어보이엘 패닝태론 에저튼톰 홀랜드메켄지 포이마이클 쉰루이 톰린슨크리스틴 벨다니엘 레드클리프크리스 파인폴 러드마틴 프리먼매튜 구드아미 해머나오미 스콧카라 델레바인루엘포스트 말론조셉 고든래빗라우브윌 스미스에즈라 밀러제이크 질렌할카야 스코델라리오미카브리 라슨카니예 웨스트바바라 팔빈맥 밀러신디 로퍼어셔올리 알렉산더켈라니        "
"294",412,"엔프피랑 사귀고싶다ㅐ","사실 엔프피 아니어도 크게 상관 없음 나도 연애하고싶다 나랑 사귈사람 "
"295",414,"엔프피인데 istj 빙고해봄","ㅎ...뭐 색칠할게 없누.. 그래서 해본 엔프피빙고 "
"296",415,"애드라안녕","잘잤어? "
"297",416,"mbti enfp 엔프피 특","mbti enfp 엔프피 특아재 개그군대 체질내로 남불간섭 쟁이일탈"
"298",417,"MBTI enfp 엔프피 특2","MBTI enfp 엔프피 특2찌질이고삐 풀린 망아지인정 머리 없음정신 산만함고집 쎔생존주의 인싸"
"299",419,"너네 연애혁명  공주영아니?","걔성격이랑비슷해?? "
"300",420,"얘드라 너네도 남들 말같은거 잘 기억 못해?","누가 뭘 샀고 형제관계가 어떻게 되고 어느 지역 출신이고 그런거 "
"301",421,"엔프피 진짜 특징 ","나도 엔프피라 검사 결과랑 해석 보면서 헐 개소름돋아 백천만번은 했는데 지금 뽕차서 5시간동안 mbti본결과 진짜 엔프피만의 특징 이건듯 본인 단점이나 실수 아니면 좃같은 상황(과제 마감 두시간남았는데 과톡 방금보고 밖일때가튼거)생기면 그게 너무 웃김 그나마 현실적인 엔프피나 진짜 엄청 중요하거나 내가 오지게관심있는거면 무섭기는한데 그런거아니면 그냥 개쳐웃으면서 친구들한데 동네방네자랑함"
"302",423,"오늘 같이 쉬는 날 전밤은","싸돌아댕겨? "
"303",424,"저 특이한건가요","ENFP ENTJ ENFJ  "
"304",425,"기안84는 enfp 일까","Infp 인싸버전 같음"
"305",427,"엔프피 생존형 인싸 맞는거같음 ㅋㅋ","학교군대직장 처럼 사회생활이 필시되는 위치면 어느정도 어울리는데 그냥 집에서 쉴때는 억지로 찾아나서진 않는거같음 "
"306",428,"ENFP들 잘들어","         난 너네가 좋다        "
"307",429,"365일중 330일은 기쁘고 35일은 우울해","         그래서 그런지 난 우울할때의 내가 좋아내가 매일 기쁜척 하고 사는게 아니라는걸 알려주거든        "
"308",430,"친구가 나보고 매일 웃는데 오늘은 축 쳐졌다고 했어","         무슨 일 있냐고 물어봤지만대답하기 좀 뭐해서 아무일 없다고 했어사실오늘 아침에 슬픈 노래 들어서 슬펐는데말하기엔 좀 부끄러워서 그랬어        "
"309",431,"뭐야 오늘 왜이렇게 감성적이지",""
"310",432,"맛있는거 먹으니까 기분 엄청 좋다","         조울증 아니겠지??        "
"311",433,"이 갤러리는 제가 점령했습니다.","         하루뒤에 까먹고 안 들어올듯        "
"312",434,"엔프피들아!!!","기안 인팁이래!!"
"313",436,"ENFP들은 전부 천사인게 다름없음","         민트초코를 좋아하면 더더욱        "
"314",437,"mbti검사결과 ENFP 스파크형나옴","오늘 심심해서 해보니 맞는것도있고 아닌것도있는데  "
"315",438,"나 내향형 암살자임","         학교에서 엄청 심심해서내향적인 후배 하나 붙잡고질문 + tmi 계속 말했음후배가 한번 나한테 질문할때난 열번은 넘게 질문하고 거기다 썰 세게씩 푼거같음겁나 어색해하는데 말 걸어주니까 좋아죽는게 보여서 귀여웠음        "
"316",439,"estp 친구가 불편한 이유","         나랑 얘기하는 스타일이 다름A가 뻘짓하다 B한테 욕먹으면난 A 챙겨주고 A한테 괜찮냐고 묻고 그러는데나한테 나중에 ""솔직히 B가 잘못한게 없다"" 라고 함나보다 더 인싸라서모르는 얘들도 같이 논다고 데리고 오는데난 엄청 불편함근데 내가 걔 모르는 얘들 데리고오면 좋다고 해서 뭐라 말하지를 못하겠음        "
"317",440,"친구중에 enxp 있는데 엄청 잘맞음","         enxp - t 형인데내가 대부분 i나 es만 만나서 그런지 몰라도엄청 웃기고 재밌고 진짜 살면서 이런 친구는 처음 본거 같음근데 잠수를ㅈㄴ탐카톡도 귀찮다고 카톡 삭제했다는거 듣고 기겁했음        "
"318",441,"엣프제랑은 말이 은근히 안통함","         서로 장난치고 얘기하는거 보면티키타카도 잘되고 그러긴 한데말을 통해 서로 교감하고 있다 이런 느낌이 아니고얘랑 그냥 대화를 나누고 있다 이런 느낌임그리고 어딘가 대화가 계속 어긋나는거 같기도 한데그건 서로 모르는척 하는거 같음        "
"319",442,"진정한 평등은 존재할 수 없어","         평등에 대해 계속 생각해 봤지만진정한 평등은 이뤄질 수 없는게 맞는거 같아당장 지금 살아가는 사람들중에도 제각각 다르듯이평등에 대한 기준도 제각각 달라그리고 제각각 다른 사람들이 모두가 똑같아 질 수 있다는게말이 안되는거 같아그래서 난 차라리생명유지와 어느정도의 욕구 충족이 되는 안전망과어느 누구든 무엇이든지 할수 있는 자유그게 진정한 평등같은 허상보다 더 끌려        "
"320",443,"내가 Mbti에 관심이 있는 이유","         나 자신을 좀 더 알고 싶어서그런데 가면 갈수록 나 자신을 아는 것 보단나 자신을 mbti 틀에 끼워넣는거 같음그래서 한달전부터 mbti는 재미로만 보는중        "
"321",444,"아이큐테스트","         https://www.arealme.com/iq-2020/ko/ 옆갤에서 가져왔어약간 재미로 보는거 같음        "
"322",445,"멘사 아이큐 테스트","         https://test.mensa.no/이것도 옆 infp갤에서 주워옴근데 마지막 두개는 진짜 못풀겠다.. 어떤 과정으로 답이 도출되는지 하나도 모르겠음        "
"323",446,"여기있던 엔프피들은 다 여행떠났어요","         여기빼고 아무데서나 볼 수 있는데여기서는 아직 볼수가 없어요놀러 간거니까.. 나중에 올거에요..        "
"324",447,"어라? 반가워! 여기에 사람이 올 줄 몰랐는데.","         아... 인프피갤 들어가려다 잘못 들어왔다고?미안...        "
"325",450,"1번 괴담 실화다","1번 괴담 실화다남 여 모두 ㅂㅅㄱ 찍지못 믿겠으면 뉴스 찾아봐 ㅋ"
"326",451,"생각보다 ENFP들은 눈치 빠름","         근데 눈치없어 보이는 이유는눈치 있게 행동해서 이득을 얻는 것 보다눈치 없게 행동하는게 오히려 이득이 되거나안전할 것 같기 때문에눈치 없음을 연기하는 거임        "
"327",452,"매번 변하고 새로이 느껴지는건 잘 질리지 않음","         그래서 언제나 머물지 않고바뀌는 음악이나 패션이 좋아심지어 수학조차도 이것저것 응용해서 풀어야할게 있으면 만족감도 크고 새로워서 즐거워근데 그걸 풀기위해 필요한공식 외우는게 노잼이야        "
"328",453,"노래방 문닫았네","         이웃분들 죄송합니다잠깐만 귀 막아 주세요        "
"329",455,"나 전달법은 엄청 대단한거 같아","         성숙하게 감정을 전달하는것도 좋지만말투 자체에서 배려가 넘쳐흐르는거 같음물론 나는 잘 안씀        "
"330",456,"심갤에 작은 어그로 끌었으니까 엔프피들 돌아오겠지","         엔프피 신나요@@@        "
"331",457,"엔프피의 좋은점은 나 혼자놀아도 재밌고 같이 놀아도 재밌다는거임","         나쁜점은혼자 놀면 외롭고같이 놀기는 귀찮음        "
"332",458,"잘려고 눈을 감았을때가 가장 바빠","         눈을 감고 잠을 자려고 누웠을때 하고실제로 잠에 드는 그 사이의 간격이 너무 길게 느껴져서머리가 엄청나게 바쁘게 움직여흑역사가 자동재생 돼서 이불킥 하는 경우도 많지만그걸 제외하곤 여러가지 망상을 하는 편이야내가 트렌디한 가수로 성공해서 돈을 벌기도 하고1990년대의 대학생이 되어 예쁜 사랑을 하기도 하고지금과는 다른 성별이 되어보기도 하거나현실에 존재하지 않는 아름다운 곳을 들러보고또 영화나 게임속 세계에 들어가보기도 해현실적이다 아니다를 떠나서이렇게 망상하면서 시간을 보내는게머리를 바쁘게 써서 그런진 몰라도비교적 잠이 빨리 드는거 같아        "
"333",459,"enfp들은 근처에 친구없으면 쭈구리 되는게있음","         친한친구 근처에 있거나 데리고 다닐때는말거는거 잘하고 E형이라는게 확실하게 드러나는데완전 모르는 생판 남들밖에 옆에 없으면자기도 모르게 엄청 조용해지는듯        "
"334",460,"자신이 Enfp인지 Infp인지 헷갈리는 사람은","         enfp일 확률이 더 높음infp들은 자신이 enfp인지 고민하지 않음자신의 내향성에 대한 확실성을 가지고 있는거지        "
"335",461,"난 엔프피가 조흠","나도 엔프피가 되고싶다"
"336",462,"하이 하이","암소하이 "
"337",464,"이성 infj한테 도어슬램 당한듯","         심심해서 먼저 카톡으로 말걸었는데한 이주일정도 연락하다가우울해져서 누구한테 연락하기도 힘들때잠깐 며칠동안 연락 한번을 안했었는데그 댓가로 이틀째 읽씹 당하는중서로 자주 보거나 가까운 친구사이는 아니였긴 하지만그래도 읽씹 당하니 좀 싱숭생숭함        "
"338",465,"솔직히 동성 이성 구분해서 친구 안사귐","         근데 장난도 더 잘 받아주고관심사가 많이 겹치던게이성 보단 동성인 애들이 많았어서동성 친구가 이성 친구보다 많은거 같음        "
"339",466,"요즘 취미 : 유튜브로 노래 틀고 화음 넣기","         재밌어        "
"340",467,"유튜브 알고리즘은 엔프피한텐 독약인듯","         새로운 알고리즘 뜰때마다엔프피 특유의 호기심이 발동해서엄청 뜬금없는거다 싶어도 궁금해서 클릭해버림엔프피들이 요즘 유행하는걸 많이 알고있는게호기심을 자극하는 유튜브 알고리즘의 역할이 큰거 같음그리고 그만큼 시간을 잘 낭비하기도 하는거 같음        "
"341",468,"오늘은 무슨일이 없는데도 행복해",""
"342",469,"제일 안맞는 mbti가 뭐냐","isfj는 알면 알수록 나랑 안맞아ㅜ날 이해 잘 못해줌나도 걔가 너무 사소한거에 의미부여할때마다 피곤함"
"343",470,"포항항ꉂꉂ(ᵔᗜᵔ*)⛴⚓ ~ 포항항ꉂꉂ(ᵔᗜᵔ*)⛴⚓ ~ ",""
"344",471,"와 이런 갤도 다잇노 ㅆㅂㅋㅋㅋㅋㅋ","ㅋㅋㅋㅋㅋㅋㅋㅋㅈㄴ뻘하네"
"345",472,"여기 사람들도 특이하단 소리 자주들음?","의도하고 그런 거 아닌데 오해 받고 그런 경험 많노?"
"346",473,"머냐 엔프피들아 여기잇엇구나","나랑 친구해조ㅠ "
"347",474,"나는 아무리해도 enfp만 나오던데","다른거 섞여 나오는 애덜 싱기하노~!!! "
"348",475,"얘들아 나 엄청 공감가는 글 찾았어","         출처 : https://m.blog.naver.com/hyperlady992/220737315318여기다가 난 애니어그램 3w2의 사람들한테 잘보이려는 마음까지 결합해서 그런지내면의 우울한점을 다른사람한테 잘 나누지 않는듯        "
"349",476,"MBTI 갤러리에서 떡 돌리러 왔습니다.","반갑습니다. "
"350",477,"이런 소리 자주 듣노?",""
"351",479,"코로나 때문에 집에만 있는건 지옥이야","         처음엔 혼자서 할것도 많고 재밌을거 같고방학하는 기분을 느끼는거 같아서 좋았었는데이제 보니 혼자서 할 일도 다 떨어졌고사람들을 안만나고 집에만 있으니까 기운이 없어물론 카톡이나 전화를 하고 계속 소통을 하긴 하는데그걸로는 완전히 충족되어지지 않는거 같아그냥 친구들이랑 놀러가고 싶은데시국이 이래서 못가니까 한탄좀 해봤어ㅠㅠㅠㅠㅠㅠㅠㅠㅠㅠㅠㅠ        "
"352",480,"이런갤도 있구나","신기하네 근데 둘러보니까 infp랑 enfp 번갈아서 나오는 사람들은 있는데 entp랑 enfp 번갈아 가면서 나오는 사람은 없음?"
"353",484,"엔프피들을 위한 노래 추천",""
"354",486,"mbti는 맹신하지만 않으면 좋은거 같아","         물론 mbti 유형에 자신의 성격이 고착화 되어서자신의 본래 성격을 등한시하거나 잃어버릴 수 있다는 부작용도 있지만그걸 제외하면자신과 타인에 대해 어느정도는 알 수 있다는 게엄청나게 좋은 이점인거 같아나같은 경우에도 mbti 를 알게 되면서 세상엔 나같은 사람만 존재하지 않는다는걸 알게 됬고덕분에 자기중심적 사고를 조금이나마 줄일 수 있던거 같아        "
"355",489,"엔붕이들 잘자","         사랑해 엔붕이들 내일봐!!        "
"356",491,"난 특이하다는 소리 많이 들엉","은근히 마이웨이 쩔고"
"357",493,"나 앤프피 이거 성격 똑같은 사람 만나봄","그 사람들한테 서슴없이 다가가고자기 고집 쎄고그러면서 자기 내면이 확고한 사람한달전에 우연히 알게됐는데이런 사람은 참 보기 드물다 생각해서오래된 인연을 만난 거 마냥 반가웠는데그 사람은 자기 안 까지는 보여주기 싫었는지그러고 며칠 연락하다 끊겼는데 너무 맘 아프더라"
"358",494,"친구 없는 엔프피도 있어?","?"
"359",495,"인붕콘 너무 귀여워","         진짜 짱귀여워        "
"360",496,"엔프피들아 이제 일어날시간이야!!!","얼리버드들 기상!!! "
"361",497,"안녕하쇼 질문있읍니다","enfp성격분들 많아서 3분간 눈팅하고 말투 조절 합니다. "
"362",500,"엔프피들 흑역사 생각날때 어떤 행동해?","         난 이때까지 이마 쳤는데나를 아프게 하는건 안좋은거 같아서요즘은 이마 치려고 하다가내 이마를 사랑스럽게 어루만져줌엔붕이들은 어때??        "
"363",501,"나 포항항 다시보렁왔어","포항항 ꉂꉂ(ᵔᗜᵔ*) 포항항 ꉂꉂ(ᵔᗜᵔ*) 포항항 ꉂꉂ(ᵔᗜᵔ*) 포항항 ꉂꉂ(ᵔᗜᵔ*) 포항항 ꉂꉂ(ᵔᗜᵔ*) 포항항 ꉂꉂ(ᵔᗜᵔ*) 포항항 ꉂꉂ(ᵔᗜᵔ*) 포항항 ꉂꉂ(ᵔᗜᵔ*) 포항항 ꉂꉂ(ᵔᗜᵔ*)  "
"364",502,"너네 친구들 친하다고 말할 수 있니?","나는 모든친구들한테 내가 쟤랑 친한가 하는 의심이 있어! 왜지? "
"365",503,"특이하단 말 자주듣는게 이성갹 공통점임?","이젠 걍 그러려니 할 정돈데좋든 나쁘든 그런 소리 자주듣고 다님그런 행동 의도하지 않는데 듣고 다니니까 걍 이젠 적응되기난듯"
"366",504,"연예인 좋아하는 사람 생기면","그 사람 욕먹거나 외로워질 거 생각하면서 "
"367",505,"너네도 잠 많아?","난 잠이 많은듯 졸려"
"368",506,"학교에서의 MBTI 유형들.jpg",""
"369",507,"너무 허전하다","마음이 허전해 뭘로 채워야할까 "
"370",508,"돼지인 엔프피도 있어..?","         제발 환상 깨지 말아줘예상댓글 :너도 인티제 환상깨지 말아줘여기에 예상댓글 : 병신 엔프피가 인티제 떠받드는줄 아나또 여기에 예상 댓글 : 방어기제 오지네         "
"371",509,"나는 ㅂ ㅅ들이 은근 좋다","왜냐하면 그들은 대체적으로 재밌는녀석들이기때문이다 "
"372",511,"16person mbti 검사 영어 버전으로 해봤어?","         https://www.16personalities.com/free-personality-test (영어 버전)https://almasincerus.tistory.com/22 (영어버전 링크 + 해석)한국어 검사에 이해할 수 없는 문장 몇개 빼고 검사해보니까은근히 J가 엄청 올라가더라너네들도 심심할때 한번 해봐!!        "
"373",512,"공부에 집중이 안된다..","공부싫어"
"374",513,"개강 연기된 엔붕이들 특징...ㄹㅇ","아침에 일어나서  '오늘은 꼭 알찬 하루 보내야지' 하고  이불 속에서 폰 만지작 만지작  갤질 하다가 밥 먹으면서 유튜브 시청.  정신을 차려보니 벌써 해 지고 잘 시간이 돼감 ㅋㅋ  '아, 내일은 꼭 알찬 하루 보내야지...'  이 루틴의 무한반복...ㄹㅇ  "
"375",514,"즉각적인 성격유형보는댄 타로만한게 없다","타로봐주는 사람들도 mtbi공부를 하는지 대부분 비슷하게 나오는게 신기함사주나루에서 5분무료로 타로볼수있으니 관심있는 갤러들들어가보삼"
"376",515,"주딱님 등판해주세요","         주딱이 필요해요        "
"377",516,"엔붕이들아 이것도 해 봐...ㄹㅇ",""
"378",517,"INTJ랑 ENFP랑 개그코드가 상당히 유사한거 같음","ENFP 친구들이랑 얘기할 때 많이 느낌 ㅋㅋㅋㅋ "
"379",518,"ㅜㅜ매니저가업어","흑흑 "
"380",520,"얘들아","이고진짜니??  나친구드리랑 다 파국나오ㅓㅆ는데 ^^^ 언젠간 절교할사이인걸까••¿ "
"381",521,"최선을다하지만 개짜증나","나 개 짜 증 나 ? ? 엉 ???ㅡㅡ "
"382",522,"이별이 넘 힘들당,,","그냥 내가 어느정도 울타리 안에 둔 사람들은보낼때 가슴 찢어짐,,,ㄹㅇ 거의 못견딜 정도네 이건"
"383",523,"친구구해여@@@@@@@@@@@@@@@@@@@@@@@@@@@@@@@@@@@",""
"384",524,"ENXP가 모든 외향 유형중 가장 역설적인 유형임","         가장 산만하면서도 가장 정적인..ㅇㅇ외향 유형은 모두 TeFeSeNe 외향기능이 주기능이 되는 유형임여기서extj(외향사고)는 성과를 달성하기 위해 움직여야하고exfj(외향감정)은 주변을 자신이 원하는 분위기로 만들기 위해 움직여야하고esxp(외향감각)은 보이는대로 보고 끝이라 한가지 사물이나 현상을 오랫동안 관찰하기 힘든데유일하게 enxp(외향직관)만큼은 한가지 사물로도 오만가지 가짓수를 펼쳐나갈 수 있음. 즉 하나로도 꽤 오랫동안 거기에만 메일 수 있다는거지어찌보면 이게 enxp가 가장 내향적인 외향형인 이유중 하나라고 볼 수도 있고        "
"385",525,"Enfp특","지들 갤에 관심 없음 왜냐 자기 특성 존나 외우고 다녀서 "
"386",527,"나 INTP인데 ENFP 칭구랑 잘맞음","내가 찐따 같은 성격인데도 가끔 엉뚱한 성격 나오면 얘랑 죽이 잘맞는다 ㅋㅋ"
"387",531,"내 친구 ENFP인데 몇가지 느낀점 적어본다.","- 무슨 지 기분에 따라 꼴리는데로 카톡(혹은 전화)함, 카톡 시간대도 아침,새벽,저녁 불규칙적임 - 성질은 또 엄청 급한지 빨리빨리 답변해주길 바라면서 조금이라도 재미없거나 자기 할말 끝냈으면 읽씹하거나 대화 맘대로 끝내버림 , 남의 말 경청을 안함 - 공부스타일이 우직하게 노력하는 스타일이 아님 집중력은 안좋은데 잔머리나 머리 회전력은 좋아서 약간 요령?피우면서 야매로 공부하는 스타일이고 근데 노력에 비해 성과는 잘나오는편 - 겁나 즉흥적임 계획 이딴거 없음!! 만약 뭔가를 해야 겠다 그러면 생각할필요 없이 일단 움직이고 보는 스타일? 거리가 멀어도 상관없음 본인이 대전이고 친구가 서울이나 부산이어도 상관없이 무작정 찾아가는 스타일- 내로남불, 잔소리 좀 있는편, 배려심부족(남의 입장에서 생각 잘안함)- 말겁나잘함 건의같은거 잘함- 돈계산하는데 있어서 소극적임- 어디서나 잘자는 편이고 잠이 많지않음, 부지런함- 친구 입장에서 얄밉게 보일때가 종종 있음, 은근 사람차별- 빠릿빠릿한편어때 공감하냐? 얘만 그런거 아니겠지?"
"388",532,"불건강 enfp","ㅋㅋ "
"389",533,"enfp에게 사랑이란 뭐야?","         궁금해        "
"390",534,"트와이스 나연 enfp일듯","확실함"
"391",535,"얘 엔프피맞냐","공과사 좀 확실하고 연끊 잘하고 상처는 은근 받는편"
"392",536,"난 이게 문제다","초등학생 수준의 자기통제력과 중학생 수준의 학업태도로 고등학교 공부를 하고 있는실정임 ㅠㅠㅠㅠㅠㅠ"
"393",539,"내 주변엔 거의 엔프피밖에 없음","딱 처음 엠비티아이 빠졌을때 친구들한테 시키고 물어보니까 제일 친한 세명이 다 엔프피더라? 소름돋았음.. "
"394",541,"궁금한거","만약에 니네여친이 기념일날 분위기훈훈할때 싸운친구한테 연락오고 얘기하러간다면서튀고 피팅모델하는데 인스타로 다른남자랑 친근하게 대화주고받음 (인맥관리때문에)  "
"395",542,"ξ(✿ ❛‿❛)ξ▄+┻┳═완벽 -","- dc official App"
"396",543,"엔프피 ㄱㄴ?","원래는 엔팁 "
"397",545,"Infj 친구있니?","어떻게생각해? 잘맞음?"
"398",546,"INFP --> ENFP 질문받는다","어릴땐 ISFP 나오다가  "
"399",547,"극단적 이엔엪피 바로나임 ㅋㅋ","첨보는 사람한테 5분만에 말걸기 쌉가능"
"400",548,"시발 뭐야 친구들 보려고 왔는데","인팁년들이 여기 왜 살아 죽어 "
"401",549,"나도 인프피에서 엔프피된 경운데","친구관계에 따라서 많이 변하는 거 같아 "
"402",550,"나는 사람 쉽게 좋아하는데","진심으로 좋아하고 사랑하려면 엄청 오래 걸리는듯.. "
"403",551,"엔프피 너무 귀여워","댕댕이같음"
"404",553,"enfp들이 성격 좋은듯 ..","주변 엔프피 애들 활발하고 성격 좋음 .. "
"405",554,"enfp 여자애때문에 미치겠어","그 애는 나를 좋아한다고 그렇게 표현해주는데 나는 너무 부끄럽고 두려워서 아무것도 해줄 수가 없어. 미안한 마음만 들어 나도 정말 좋아하는데 쑥스러워서 말할 수가 없어 이성이 마비된거같아. 종일 그 애 생각만 나 머리가 이상해진 걸까? 그 애는 내 어디가 좋은걸까,, 더 가까워지고 싶은데도 두려워서 자꾸 슬쩍 물러나게 된다 미안해 "
"406",556,"엔프피인데 난왜 찐따야","못생겨서 그런거야? "
"407",558,"인티제 여잔데 질문받는다","ㅇㅇ"
"408",560,"머 좀 물어볼게여","1. 감정 기복 심한가요? 기분에 따라 말투같은 것두 달라질만큼 "
"409",562,"나 존나 enfp인데 나랑 비슷한 사람?","- 감성충"
"410",564,"너넨 사랑에 빠지기 쉬워?","난 호감느끼는건 진짜 ㅈㄴ 빠르고"
"411",566,"망상하면서 방안을 빙글빙글 도는 인프피",""
"412",567,"특이점이 온... 엔프피...ㄹㅇ",""
"413",568,"난 ㄹㅇ enfp infp 딱 중간인듯","두개 특징들 전부다 공감됨"
"414",569,"난 이렇게 유형이 가까워지는거 같아","         의기소침해질때 : infp현실에 좌절할때 : estp기분 나쁠때 : entp아직 J가 되본적은 한번도 없었어        "
"415",570,"엔프피 특징","시험볼때 벼락치기 선수였다면 손 "
"416",571,"뽀로로는 엔프피지?","노는게 젤 좋아 "
"417",572,"제가 방금 쓴 글인데 평가해주세여","         우주크기만한 고래가 떠다녔단말이에여? ㅋㅋㅋㅋㅋ ( 그 전까진 우주란게 없었습니당 ㅎ)근데 그 고래가 죽었어요 ㅋㅋㅋㅋㅋㅋ 시체중 어떤부위는 태양같은 행성되고 어떤건 지구같은 행성되고 어떤건 별 어떤건 유성 ㅋㅋㅋㅋㅋㅋㅋㅋㅋㅋㅋㅋ근데 그 고래에는 기생충이 있었단 말이에여? ㅋㅋㅋㅋㅋㅋㅋ기생충이 고래 뇌를 파먹으니깐 ㅋㅋㅋㅋ 막 지능이 생겻단 말이에여? ㅋㅋㅋㅋ그렇게 고래를 먹으면서 고래 안에서 문명을 만들었던거에여? ㅋㅋ 근데 나름 문명을 만들고보니 더이상 고래만 쳐먹다간 고향이 사라진게 된거에여? (고래뱃속이 고향입니당 ㅋ)그래서 ㅋㅋㅋ 그 고래의 장기를 타서 다른 별로 이동해서 문명으로 쳐들어간거에여? ㅋㅋㅋ근데 ㅋㅋㅋ         "
"418",573,"엔프피를 힘들게 하는것..","소외감ㅜㅜ 나요즘 소외감 드는거같아서 슬퍼"
"419",575,"잠안자는 엔프피나와라!","나랑 놀자~ "
"420",576,"여기 엔프피남자 있음?","이상형 궁금해"
"421",577,"엔프피 갤에 지금 듣는 노래",""
"422",579,"isfp인데 엔프피친구들 넘조아,,","약간 말많은데 편한유형? 처음부터 편하게 다가와주고 tmi난발하는데도 듣는거재밌고 무엇보다 내가 말을 많이하지 않아도 어색한분위기가 없어!!!"
"423",580,"Enfp끼리 느껴지는 친밀감 ","이란게 있는거같다. "
"424",581,"infp인데 나랑 친한얘들 다 enfp야","활발하면서 나랑 맞는 구석 많고 같이 있음 기분 좋아져ㅎㅎ"
"425",582,"너무 우울하고 죽고싶길래  infp 나오려나하고","Mbti 다시 해봤는데또 enfp네 ㅋㅋㅋㅋ나 infp 동경하는건가 ㅠㅠ하 가정학대 당하는 enfp 없길바래... 진짜 너무 힘들다20대 중반까지 이럴줄은 몰랐어꼭 독립해야지 내가 잘하고 사랑하면 되는줄 알았는데바보다 진짜"
"426",583,"이상형 어떻게 돼?","나는 배려가 많고 천천히 다가오면서  "
"427",584,"4w3은 없냐?","난 인터넷에서 enfp가 내향적인 외향형이래서 진짜 다 그런 줄 알았는데 주변에서 enfp 나온 친구들 보니까 나만 그런 거더라ㅋㅋㅋ 아마 4w3 성향 때문에 그런듯  특이한 거 좋아해서 관심사도 일반 사람들이랑 안맞고 좀 연극적 성향 있어서 열심히 사는 이미지메이킹도 ㅈㄴ함 그래서 남들이 더 어려워하는 면이 있어 실제론 ㅂㄹ 열심히 살지도 않는데 자꾸 이렇게 이미지 메이킹하는 거 괴리감 들어서 안그러고 싶어도 이미 그렇게 20년동안 산 게 몸에 베어서 어떻게 안그러는지도 모르겠음ㅋㅋ  "
"428",585,"엔팁인데 여친이 엔프피임","진짜 너무 귀여움 ㄹㅇ"
"429",588,"내가 어떤 사람인지 모르겠음","         ENTP 나오다가 ENFP 나옴 그래서 찐막으로 한 번 더 했는데 ENFP 나와서 이걸로 정함일단 설문에 성실하게 답변은 했는데 애매한 문항들 몇개 있어서 고민했음몇년전만 하더라도 계획은 엿이나 먹어라였는데 최근엔 계획 세우고 공부하고 성적 개잘나와서이걸 매우 동의에 체크해야 되나 이런것도 있었음 ㅋㅋ 너희도 그런거 있지 않냐?        "
"430",589,"엔프피 특","뭐 ㅈ ㄴ 게 잘 잃어버리고 다님본인 어제 받은 립스틱 하루만에 분실함고질병이라 고쳐지지도 않네 ㅋㅋ"
"431",590,"enfp인데 유튜버 하라는 소리 많이 듣는다","근데 귀찮아"
"432",591,"하이 mbti 찾아보다가 여기까지왔어","저 뒤에 t는 무슨 의미야?"
"433",592,"ENFP-A는 뭐야??","         하나 20대 80정도 빼구 다 비슷하게 나왔어51대 49 / 55대 45 이정도로???        "
"434",593,"Enfp가 나한테 고백했었는데","둘 다 연애하기 어려운 사정이 있어서 그것들 말하고 거절했거든고백할때 진짜 좋아한다고 여러번 말해줬어 미안하다 해도 취미 취향 잘맞아서 아직까지도 연락하고 지내는데아직까지도 날 좋아하는지 궁금해... 엔프피는 평소에 워낙 다정해서 좋아해서 챙겨주는건지 잘 모르겠거든사람도 쉽게 잘 안내치고지금까지 연락 안끊기고 계속 하고 사정상 못만나고 있지만 약속도 잡았는데 아직까지 날 좋아해서 관계가 쭉 쉼없이 이어지고 있는걸까? 아니면 단순히 잘맞는 친구로 그런걸까ㅠ ㅠ 감히 의견 물어도 될까??Infj 여자고 4w3이야 ;) "
"435",594,"급식땐 재밌었는데 학식되자마자 씹아싸됨","         반이라는 존재가 없으니까 그냥 아는 사람 0명되던데 ㅋㅋㅋ        "
"436",595,"생활패턴(수면패턴?) 많이 뒤집혀?","         난 요즘 계속 생활패턴 돌아간 채로 살고있어. 생활패턴도 돌아간채로 일정한것도 아니고 막 매일 달라....나빼고 가족들 다 _STJ라 패턴좀 돌리라고 뭐라하는데...나도 돌리고 싶긴 한데 내 의지로 안되네ㅠㅠ 옛날에는 오히려 좀 밤새는 일탈적 행위?를 좋아했던것 같은데 이것도 계속되니까 좀 멀쩡히 살고픔        "
"437",596,"엔프피 유머코드","병맛좋아해? "
"438",597,"(정보) 각 갤러리별 단어 키워드 분석 결과",""
"439",598,"MBTI 결과에 자기 자신을 제한하는 느낌이","들 때도 있는 것 같다  내가 처음 ENFP 나왔을 때 외향 56 나왔었는데  이게 다들 활발하고 인싸 성격이라고들 하길래  내가 가끔씩 움츠러들고 소극적이게 될 때  '젊은이, 엔프피답게 행동해.'  하면서 오히려 외향적으로 행동하려는 경향이 있었던 것 같아  그래서 결과적으로도 외향(E)이 더 높아졌고  게다가 엔프피 특징 중 하나가 계획을 제대로 지키지 않고 일을 몰아서 처리한다는 건데  이것도 내가 뭔 일처리를 제 때 안 하거나 스케줄 어겨도  '난 엔프피니까 이래도 돼~' 이러면서 자기 합리화의 수단으로도 쓴 것 같다 ㅋㅋ  MBTI가 학계에서도 꽤나 신빙성 있다고 인정된 바도 있고 나도 어느 정도 맞다고 생각들지만  77억 지구인들을 16개의 성격만으로 딱딱 나누는 건 나도 무리가 있다고 생각해  너무 과몰입하지 않으려고  ​ "
"440",599,"엔프피!!엔프피!!엔프피!!엔프피!!엔프피!!엔프피!!","아아아악 힘든일이 많으니깐 NF가 죽어간다 "
"441",600,"하하하하 엔프피 머저리녀석들","하하 "
"442",601,"엔 프 피 조 아","         최고야!        "
"443",602,"오늘 테스트해봤는데",""
"444",603,"근뎅 뒤에 -A랑 -T 붙는거 뭔차이임!??@?@?????","나는 A인데 친구는 같은 엔프피 인디 T라긔 "
"445",604,"엔프피 금사빠야?","         학교다닐때 같은 학년 여자애들 다 좋아했음 성격 진짜 이상한애들 빼고ㄹㅇ 나 금사빠인가?        "
"446",606,"ENFP","죄다 묶어서 불구덩이에 수셔넣고 싶다"
"447",608,"엔프피 이별관련질문","         본인이 찬 상대 기준으로전 애인의1. SNS 계속 팔로우로 유지하나요?2. 카톡 프사 상메 음악등등 확인 잘 하시나요? 3. 헤어지면 헤어지게 된 이유가 얼마나 가시나요?4. 헤어진 전 사람과 알바, 직장, 학교등에서 자주 마주치면 어떤가요 (인사X 눈마주치자마자 피하는정도?)        "
"448",609,"남자친구 ISTJ인데","mbti 겁나노관심임 영혼없어엇~~!! "
"449",613,"엔프피 연애타입","         싸돌아다니는 거 진짜 좋아함..ㅋㅋㅋㅋㅋㅋ 나랑똑같은거 나온 엔프피?        "
"450",614,"istj 놀러갔는데","조용하더라 "
"451",617,"Make ENFP great again!","그런건업어용~ "
"452",619,"불건강 엔프피는 어떤 상태야?","??"
"453",621,"본인 entp남인데 enfp여랑 개그코드 젤 잘맞음 ㅋㅋㅋㅋㅋㅋㅋㅋㅋ","         내드립에 리액션 ㅆㅅㅌㅊ ㅋㅋㅋㅋㅋㅋㅋ근데 enfp도 나한테 장난 오지게 거는데 주로 물리적 스킨십이라 당황스럽다ㅋㅋㅋㅋㅋㅋㅋㅋㅋㅋㅋㅋㅋㅋㅋㅋㅋㅋㅋㅋㅋㅋㅋㅋㅋㅋㅋㅋㅋㅋㅋㅋㅋㅋㅋ        "
"454",622,"교사 이미지별 MBTI","국어: ISFJ수학: INTJ영어: ENFP사회: ESFJ과학: ENTP체육: ISTP음악, 미술: INFP제2외국어: INFJ보건: ISFP교장, 교감: ESTJ"
"455",623,"enfp 그 자체인 해외연예인",""
"456",624,"뭔지랄을 해도 enfp만 나온다 ㄹㅇ","디시하면서 T 성향이 강해지긴 했는데"
"457",625,"엔프피가 좋아서 놀러왔어","         글쓰면 안되는거면 안쓰고 꺼질게ENFP ESFP 가 조아최근에 사람들하고 싸웠는데 유일하게 안싸운 애가 ENFP 야 심지어 엔프피가 현장에 있었다면 상황이 나아졌을 거란 생각마저 듦엔프피 사랑이야        "
"458",626,"나 똥쌌오","         스멜~        "
"459",628,"엔프피들아 외향직관인지 판별좀","         엔프피들 주기능이 외향직관이라고 들었음 이런경험이나 느낌 종종함? 내향인지 외향인지 구분안가는데        "
"460",629,"내가 엔프피인지 인프피인지 모르겠어","집에서 쉬고 스트레스안받고 자신감뿜뿜이면  "
"461",630,"[설문조사]카톡에 새 메시지로 떠있으면 하는 내용이 무엇입니까?","         아침에 눈 뜨자마자 본 핸드폰 알림창.누구에게, 어떤 내용을 받고 싶으싶니까?        "
"462",631,"과학 기술에 관심 있는 enfp없냐","https://gall.dcinside.com/thesingularity 특 이 점 갤 러 리 에 와 라!!! "
"463",632,"맨날 infp enfp 왔다갔다거림ㅋㅋㅋㅋㅋ"," - dc official App"
"464",633,"엔프피 되고싶다","(예상댓글:밖에 나가서 친구들 좀 많이 만나고 그래)"
"465",635,"백수 모쏠 intj인데","         나랑 좋아해줄 엔프피 계집 있노        "
"466",636,"고딩시절 엔프피였는데","지금 생각해보니 지랄맞게 텐션 높았던것 같다 ㅋㅋㅋㅋㅋ "
"467",637,"enfp들은 주로 무슨 일 하면서 사냐","enfp를 많이 만날 수 있는 곳으로 가보고 싶음어디를 가면 enfp를 만날 수 있을까?"
"468",638,"나infj인데 애인 어머니가 enfp인데 너무 잘맞앙","어머님이랑 띠띠동갑인데도친구같이 잘지내내가 mbti 환장하고있으니까enfp나왔다고 하시더라긔궁합찾아보니 천생연분이라해서겔찾아와봤옹"
"469",639,"Entp enfp 그 중간인데","진짜 둘 성격이 동시에 있는거 같음"
"470",640,"니네 요즘 관심사가 뭐야?",""
"471",642,"엔프피 귀여운거에 환장하고 남들 울면 따라 울어???????","         는나..https://www.instagram.com/p/CAUVxtfDwEO/        "
"472",643,"안녕 인싸들","나 아직 학생인데 작년 우리반 이랬었어..."
"473",644,"보통 친구랑 놀면","보통 친구랑 놀면 기빨리고 당장 쉬고싶고 죽을거같고 그렇지 않아? 역시 인싸들은 다른건가... 그런점 보면 나도 인프피 되고싶더라.."
"474",645,"앤프피특","완전 귀엽다 활동적인거 대단하고 본인 잇티제인데 잇티제들 의외로 아기자기한거 좋아해 엔프피들이랑 잘맞는애들 많더라 이갤 완전 졸귀들이여 스케줄러에 엔프피갤 구경도 적어뒀음ㅋㅋ요약:얀프피 졸귀들"
"475",646,"stj형한테 궁금한고 다 물어봐","제곧네 궁금한거 다물어봐 너네 너무 귀여워서 뭘 물어보다 다 답해줄 수 있어"
"476",647,"나 엔프핀데","자존감 낮은 상태일 때 잠수 잘탐힘들때 왜 힘든지 구구절절 얘기하는 것도 별로 안좋아함평소에도 의미없는 연락 주고받는 거 안 좋아하긴하지만 특히심해짐내가 생각해도 내가 별로인것같을땐 스스로 나를 낫게 바꾼 다음에 다시 짠하고 예전으로 돌아가는게 좋음아무일 없었던것처럼너네도 그래?"
"477",648,"엔프피 왜 초딩유형이야?","딴 갤에서 초딩한테 젤 많이나오는 유형이라그러던데 대가리 꽃밭이란 소린가"
"478",650,"검사는 enfp인데 실성격은 infp entp enfp 랑 와리가리하는듯","이럼 뭐지"
"479",651,"본인 인티제인데","분위기 인티제갤이랑 딴판인거 개웃기노..."
"480",653,"엔프피 말빨 좋냐","         엔프피는 뭔가 괴롭힘 안당하고 잘살듯한 이미지야        "
"481",654,"엔붕이들 안녕?","엔프피인 본인특징 몇개 나열해보는데 비슷한사람 있을까 "
"482",655,"Esfp랑 다른게뭐야?","우리 유형이랑!"
"483",656,"내성격2","-감정이 잘 생긴다 "
"484",657,"와 마갤도 잇네 ㅋㅋㅋㅋㅋ","         Hi there        "
"485",658,"너네도 7w6임?",""
"486",659,"인간관계 조울증 너무 심해","조금만 걸리는게 있어도 하루종일 우울해"
"487",660,"엔프피들아 이거 어때보여?","그니까 원차이나 원코리아 빅딜인데 중국이 미국,한국이랑 중국이 협상해서 중국이 대만 삼키도록 눈감아주고 중국는 우리가 북한 삼키고 남북통일하도록 내비두는거. 어차피 대만인들이 중공한테 먹혀서 공산당한테 언론통제당하고 투표권 빼앗기고 본토로 끌려가서 감옥가고 그런다고 해도 내알바아님 ㅋㅋㅋㅋㅋㅋ 우리민족이 아닌짱깨들이거든 ㅋㅋㅋㅋㅋㅋㅋ 그리고 북한인민들이 받고 있는 압제와 부조리에 비하면 아무것도 아님 저건 ㅋㅋㄲ 우리민족이 중요하고 우리나라가 통일강국이 되는게 더중요하거든 ㅋㅋㅋㅋㅋㅋㅋ 이거에 찬성하면 개추 반대하면 비추 투표 ㄱㄱ난 참고로 민족주의자인 nf계열이다."
"488",662,"이거 좋은거냐?","ㅇ?"
"489",663,"나랑 친구할 엔프피없냐",""
"490",664,"안뇽하세요 enfp 님들!","         저는 infj 이구 물어볼게 있어서 왔어요 !!혹시 enfp 분들은 큐브 좋아하시나요 ??enfp 여사친에게 선물을 주고 싶은데 1~2만원대 선물로 추천해주실것 있나요 ??        "
"491",670,"내용 날아감)엔프피 여자 있음?","나 ENTP-T 남잔데 ENFP 여자가 나 좋아함. 난 얘 별론데 내 생각대로 거절하면 얘가 내 친구의 친구라 자주 봐서 껄끄러울텐데 어케 거절하면 됨? "
"492",672,"엔프피들 상대한테 집착 잘 안하지않나?","내 폰 보는 거 엄청 좋아하더라... 주기적으로 사진갤러리 보고 톡방 다 가서 읽고 그러던데 난 상관은 없어서 걍 같이 보면서 보게 냅둠... 싫다고 틱틱거리면 더 보고 싶어하더라... 보면 안 될 것들은 진즉 비번 걸기도 했었고... 근데 문득 궁금하네 사람에게 치대기 좋아하는 건 아는데 집착은 별로 없는 편 아니엇누... "
"493",673,"mbti 갤러리 중에 여긴 작은 편이야?","ㅈㄱㄴ "
"494",674,"밖에서 스킨십 거의 안해","이유는 남들이 보기에 낯뜨거운 느낌일까봐서  "
"495",675,"요즘 이시간만 되면 너무 우울해","인간관계 스트레스 받아서 힘들어 내가 호구같고 막 그래서 우울해"
"496",676,"난 약간 infp랑 enfp 사이에 있음","그래서 너네들보다는 좀 더 내성적인면이 있는것같아 mbti맨첨에 했을때는 인프피나옴 ㅎㅎ근데 결과를 보니까 어 이거좀 아닌데 신중히 다시해보고 엔프피떠서 성격보니까 완전나인거임  "
"497",677,"너네 주변 사람들이 나를 싫어하는거 같다고 생각 드니?","나 다른 의미로 도끼병인듯 ㅅㅂ ㅋㅋㅋㅋㅋ 존나 아무거나 올리는 인스타 계정에 걔가 다른 애는 좋아요 눌러줬는데 나만 안눌러주면 싫어하는거같고 ..... 글고 진짜 도끼병도 개심한듯"
"498",678,"엔프피들 외향인한텐 낯가리는거같음","난는 방구석찐따 씹내향인인 인티제야... 옛날부터 엔프피들한테 친한척오질라게 당햇어서 엔프피는 걍 친화력 ㅈㄴ좋은즐 알앗음... 엔프피 절친한테 내엣팁친구랑 잇프피친구 소개시켜줫는데 낯가리는 잇프피친구한텐 존나 치대면서 낯안가리는 엣팁친구한텐 낯가리더라... 티 안내서 엣팁은 엔프피랑 친한줄 착각하는 거 여럿봄... 지도 양애취고 친구들 나 빼고 다 양아치면서 양아치 시러하는 면도 은근 잇던데... 누가 이해좀시켜죠... 언제 한번 나 왜 데리고 다니냐고 나랑은 술도 못먹지 않냐고 무러밧는데 술먹을 친구는 많은데 뭐하러 굳이 걔네를 부르냐 이러더라... 나같은 찐따도 수두룩빽빽아니냐? 라고 물어밧는데 그런소리 시르니까 하지말래... 잉... 다른 엔프피친구도 학교에선 조용한애 데리고다니고 학교끝나면 갓싸친구들 만나서 술먹던데 지는 조용한애들이 편해서 좋대 "
"499",679,"에너지 레벨이 넘치는 친구들 같아"," 내 성향 쪽 가면 역시나 쓸데없이 진지하거나 이런저런 생각으로 스스로 괴롭히는 거 같은디 이쪽 친구들은 분위기가 유쾌한거 같아실제 사회생활하면서도 enfp친구들 덕분에 바뀌는 높은 에너지 레벨이 존재 하는거 같아멋져"
"500",680,"enfp 는 바람이라는 거의 선이 어디까지야??","         좀 개방적이고 사람을 좋아하잖아궁그매        "
"501",682,"엔프피가 싫어하는 구속이 대체 뭐야?","엔프피는 맨날 뭐만 하면 구속하지 말라고 난리야나는 진짜 아무 의도 없었는데엔프피랑 잘지내고싶은데 무슨 말을 못하겠어내 기준 뜬금없이 자주 삐져서ㅠㅠ"
"502",683,"여기가 엔프피 갤러리냐","기운좀 받고가자나도 이거나오더라"
"503",684,"사진한장으로 ENFP 인증.jpg","         ㅇㅈ?        "
"504",686,"ENFP 그것은 바로 본인을 지칭하는말.",""
"505",688,"enfp끼리연애중인데 어떰","고3동갑이고 "
"506",689,"내 enfp 그래프",""
"507",691,"엔프피임.","어"
"508",692,"난 내가 enfp랑 안맞는 줄 알았는데 내 주변 다 enfp더라...","난 istp인데... 걍 내 주변에 몇명 빼고 다 enfp였음ㅋㅋㅋㅋ "
"509",693,"코끼리나옴",">_<"
"510",694,"이상형 고를때 i랑 e중에 어떤게 더 좋아?","난 i인 이성이 더 좋고 그동안의 연애 경험으로 봤을때도 더 좋았음ㅋㅋ "
"511",695,"혹시 나말고도 다른 ENFP들 친구들아 이런적없어?","주변에서 나보고 인싸다 그러는데 사실 난 진짜 활발하기만 한거지 인싸까진 아닌데 ㅜㅜ "
"512",698,"엔픞 원래 좋아하는 사람한테 아무 말하냐?","나 좋아하는 애가 enfp인데 아무 말 함 시비도 존나 털고 "
"513",701,"최예나 빼박 enfp아님???","그자체"
"514",702,"타쿠와는 ENFP입니다","         해보라고해서 했는데 그렇게 나오더라        "
"515",704,"이효리가 엔프핀거 첨알았네","         이제 팬해야지        "
"516",708,"엔프피 마갤있는거 이재 앎ㅋㅋㅋㅋㅋㅋㅋㅋㅋ","10년 동안 검사햇는데 10년 내내 엔프피 나온 뼛속까지 엔프피인 사람 등장  "
"517",709,"엔프피에 속한 내 특징","1.우울증 탑재 되어있고 멘탈 용량이 작아서 방전와 충전이 빠름. "
"518",710,"(긴글주의) ENFP가 6개월만에 친구만나 술자리한 이야기","안녕, 얘들아? "
"519",711,"다들 꿈있어?","         나는 정치인, 스케이트 선수, 예술가진짜 해야지~        "
"520",713,"유일한 친구가 ENFP다. 물론 나는 인팁이다","          쉬이벌 고민 상담 할때 : ENFP : 힘들다 INTP : 왜 머가ENFP : 회사 일이...INTP : 그러니까 회사일 뭐 ? 뭐 무슨 회사일 ? 연봉얼만데 ? 연차는? ENFP : 넌 내말 좀 그냥 들어주고 공감 좀 해주면 안돼?        "
"521",714,"ENFP인 분들 질문있습니다","혹시 상대가 좋아한다고 먼저 고백하면 금방 흥미가 사라지나요?"
"522",715,"질문 하나 더 드려도 될까요?","사귀고 나서 대화 중에  자기는 100일 이상 간 적이 별로 없었다고 하는건 무슨 의미일까요? 자기에게 넘어오면 흥미가 사라진다는 건지, 상대에게 금방 싫증이 난다는 건지 아님 또 다른 의미가 있는지 모르겠습니다.참고로 저는 INTP 형이예요. "
"523",716,"노사모 모여라 이기야","노짱과 같은 ENFP라 행복하다 이기야 "
"524",717,"엔프피 남자들아","연애상대로 인팁 여자는 별로니?"
"525",718,"님들 귀엽다는 말 자주 들으셈?","나는 어딜가나 꼭 들었던 것 같음 근데 나는 왠지를 머르겠어ㅜㅜ"
"526",719,"아니 근데 인터넷 탭창이런거","다 그런거 아닌가여 10 몇개씩 있고 유튭 나중에 보는 동연상 3-400개 있고 페북같은거도 막 공유하고 근데 근데 이런건 또 중요한건 나만보기로 해놔야됨 아니면 욕먹어ㅋㅋㅋㅋㅋㅋP유형 종특인가NP유형 종특인가"
"527",720,"고딩 엔프피","중딩때 재밌는걸로 잘나가다가 입 잘못놀려서 매장됨"
"528",722,"글램 mbti 검사 해봤는데 많이 다르게 나오는데?","         뭐 내가 엔프피니까 여따가 글쓰겠지.근데 글램 mbti검사하니까 estj 씹선비 유형이 나오네다른거 대강 읽어보니까 완전 나랑 딱 맞는 유형도 없는 것 같고 ㅋㅋㅋ 엔프피쪽 읽어봐도 내가 저정도는 아니거든다들 어떻게 나옴??        "
"529",726,"3w4 있니","엔프피중엔 흔하지 않은듯 너네는 애니어그램 뭐야?"
"530",727,"ENFP랑 ENTP랑 번갈아 나오면 뭐니?","         ENFP ENTP 성향을 읽어보면 엔프피가 한 70 ? 엔팁이 30정도 맞는 거 같아 나한테 대입했을 때 ㅋㅋ이런 경우도 많은 편이야??        "
"531",728,"Enfp 나오긴 했는데","내 성격이"
"532",729,"Enfp남자들이 가정적이지 않아?","우리 아빠내 남친 다 enfp인데 가정적이고 자상하고 공감능력 좋아보임"
"533",730,"ENFP 특징","         굳이 말하자면 여기서 비둘기랑 비슷함        "
"534",731,"enfp 고백","         enfp분들 도와주세여제가 고백을 했었는데, 아직 그거에 대한 답ㅎㅎ장이 없ㅎㅎ어요 ㅎㅎㅎㅎ미칠것 가탕횽~ 이거 백퍼 맘 없는거겠져생각할 시간은 충분히 준것 같은뎋 한 3일?쑥스러워서 연락을 못하는건지 아니면 이대로 연락을 끊어버릴 심산인지.. 홀홀제가 먼저 연락해보는게 좋은 걸까요?        "
"535",732,"엔프피가 mbti 자주 바뀌지않음?","일단 호기심이 많아서취미나 활동 여러개 찔러보다보면 마인드 조금씻 자주바껴서Mbti할때마다 바뀌는거같음"
"536",733,"고민상담) 여친 나만나고 20kg쪘어","이제 바지를 안입음 ㅜ살쪄서 못입는다고 완전 긴치마류만 입거든 "
"537",734,"오늘 추정엔프피 봄","         말많이하더라 그렇다고 불쾌하거나 미숙한식의 그런말은 없엇음자존심만쎈 내향성 인간 밖에없다보니 주도하는느낌으로 웃으면서 분위기를 이끔        "
"538",735,"enfp는 어떻게 위로해줘야됨?","외롭대 "
"539",736,"enfp 공부법좀","시발 못지킬 플래너 더이상 못하겠어  enfp공부법 뭐있음??재수생 구해줘 "
"540",737,"Enfp는 원래 남한테 훈계 잘 안하냐?","내 친구들 엔프피 많은데특징이 남한테 훈계나 지적을 안한다는거임그래서 좋음"
"541",739,"나밤 ENFP 마이너 갤러리 갤주 찬성 반대 추천 하겟음니다","         근데 ENFP 특성상 반대표가 더나올거같단말야        "
"542",740,"나 인프피인데 너네들 성격 좋아","아무 편견없이 받아주는 것도 좋고밝은 기운 가져서 나까지 밝아지게 해주는 것도 좋고서로 감성적이라 대화도 은근 잘 통하는게 좋아"
"543",741,"이 그래프는 뭐랑 뭐가 걸친거야?","enfp나오긴하는데 ㅋㅋ "
"544",742,"엔프피 여자친구를 사귀고 싶은데","내가 엔프피를 어디서 어떻게 만날 수 있냐? "
"545",743,"혹시 nf가 가지고 있는 공통적인 특성이 있음??","우리 과 남자애들 mbti 다 시켜봤는데 70~80프로 이상이 nf나와서 신기해 "
"546",744,"엔프피 본인 특징","1. 사람 만나는 특별한날엔 항상 일찍일어남  "
"547",745,"로빈월리엄스가 ENFP 대표 그자체같음",""
"548",747,"성격 한끗차인데 여기오면 뭔가 편안해짐..","내가 원하는 분위기 딱 그건듯... 뭔가 포근하고 암튼 포근함 "
"549",748,"나는 내가 아싸라고 생각했었는데","같이 일하는 팀에 나만 ENFP고 나머진 INFP INTP INTJ 나옴쟤네 셋이 나보고 인싸라길래 ???? 했는데 셋의 행동 반경을 보고나서 인싸들중 아싸인거지 심해가 따로 있다는걸 앎;"
"550",749,"엔프피 이기주의 쎔?","나만 그리 생각하나 그래서 자학 좀 많이 하는데 ㅠ 그렇게 살면 안되는데 "
"551",750,"나 엔프피에 7w6인데 이 유형 만화 주인공이 많네","근데 현실은 만화가 아니라서 나는 주인공처럼 못 사나봐ㅜㅜ"
"552",751," ENFP ENTP 할때마다 다르게 나오는데","두개가 비슷한건가??"
"553",752,"너무 애매하다","내 친구들 사이에서 인싸라면서 뭔가 말을 안 하는 것 같은데 나가면 내가 제일 평범해 ㅅㅂ ㅋㅋㅋ "
"554",753,"INTP인데 니네 성격 좋아해","항상 활발한게 보기 좋아 모두 좋은 하루 보내 "
"555",755,"MBTI 모임 해볼까?","16종류 별로 모이게 시켜서토너먼트 같은 미니 올림픽 하는거지하면 우리가 무조건 우승 가능???종목보드게임, 운동, 인성 게임"
"556",756,"기여운 엔프피 등쟝!","퇴장! "
"557",757,"너네 혹시 애정결핍 있냐?","어 "
"558",758,"엔픞이 왜귀여워요?","내가 귀엽다고 생각해본적이 없어서요 "
"559",759,"ENFP한테 버림받은 감정쓰레기통 INFP 왔음","안녕... "
"560",760,"엔프피 이 씨발새끼들 내가 극혐하는 이유 적어본다","         1. 머가리가 안굴러감 근데 잔머리 존나 굴릴려고함 근데 또 존나 티나게 굴림 씨발2. 감정 컨트롤을 존나 못함 지감정이 짱임 그냥 지감정에 다맞춰줘야함 안맞춰주면 존나 씨발 미친새끼마냥 풀발기함3. 뒷담화를 존나 즐김이건 진짜 개씹씹씹씹씹극혐하는건데 이새끼들은 남없으면 뒷담화가그냥 술술나온다 이씨발새끼들은 하지말자고해도 알았다하고 언제그랬냐는듯이 말하고있음4. 존나 뻔뻔함이씨발련들은 온갖 착한척 잘해주는척은 다하고부담감, 스트레스를 배로 만들어줌5. 눈치씨발 존나없음이 씨발새끼들은 눈치가 있는데 없는척을 하는건지 뻔뻔한건지눈치가 씨발 개엠창급임6. 가스라이팅 개엠창 전문가임~해, ~해봐, ~왜그러냐?, 넌왜그러냐~?참견존나 좋아함 개씨발7. 존나 나대는데 주제파악을 존나 못함개씨발련들이 나댈거면 좀 주제파악하면서 나대던가보는내가 안쓰럽다 시발존나 쓸거리가 많은데 여기까지한다 시발        "
"561",761,"난 infp인데 enfp 좋아","         너무 좋앙         "
"562",762,"감성적이고 외향적인 여자친구 만나고 싶다","내 이상형을 떠나서 개인적이고 내향적이고 계산적인 내가나와 비슷한 사람을 만나면 기분이 나빠지거나 감정이 상하거나 하는 일은 줄어들겠지만 나를 좀 이끌어줬으면 좋겠다물이 고여봐야 썩기만 할 것 같다"
"563",764,"맞아 엔프피 뒷담 잘깜ㅋㅋ","근데 사람 만나고 사람좋아하는 유형들이 사람얘기를 많이하는것 같아서 엔프피만 그렇진 않을듯 "
"564",765,"엔프피 애들은 ㄹㅇ 윾쾌하더라","잇팁이 보면 좀 부럽 "
"565",767,"엔프피 눈나 어디없나","귀여우면서 서글서글한 눈나...♡ 아 심쿵한다 "
"566",768,"엔프피 씨발년 한명에게 데이고 왔습니다","아 좆같은년이새끼는 십관종에 쿨병단단히처먹고 여왕벌+정치질을 일삼음지보다 잘나보이는 여자는 무조건 견제함예외가 있는데 지의 애정결핍을 받아주는 여자(+지보다 잘나면 안됨)한테는 관대하며예쁘거나 재주있는여자들하고는 상종안함. 그리고 열폭충으로 몰아감좆같은년 후라이팬으로 대가리치고싶다씨발년"
"567",769,"항상 연애 끝낼 때 마다 후회하는엔프피 있어?","내가 저런경우임...그냥 연애가 나랑 안 맞는 것 같고마음도 빨리 좋아졌다가 빨리 식어서 상대에게 미안하고날 억압하는 상대면 더 그러는거같아그래서 연애 안 하자니 외롭고 심심하고 새로운사람 보면 쟤는 어떨지 궁금하기도하고 걍 모르겠어 ㅜ.ㅜ"
"568",770,"아니 아무 생각 없이 해봤는데","밑에 어떤 글에 MBTI 비율 알려준대서 아무 생각 없이 해봤는데이거 진짜 너무 심한거 아니냐ㅋㅋㅋ검사 링크 : https://jupiter-34.appspot.com/"
"569",772,"나 엔프피인데 짝사랑하는 사람한테",""
"570",773,"엠비티아 지금까지 세번해봣거든?",""
"571",776,"엔프피한테 뺨맞고 여기에 욕하러 왓다","어그로니깐 무시해라 "
"572",777,"여기 반은 Enfp 반은 Enfp한테 당한 사람들이냐","존나 당황스럽넼ㅋㅋㅋㅋ "
"573",779,"난 infj야","난 너네가 좋아"
"574",780,"나 intj인데","맨날 enfp한테 휘둘려서 사는 느낌 ㅋㅋㅋ 얘네랑 같이 있을때는 걍 나도 e가 되는 느낌이라 해야하나 근데 혼자있으면 다시 intj로 돌아옴"
"575",782,"엔프피애들 사랑행","-태생부터 진성 엔프피가- "
"576",783,"내주변사람 mbti 유형별 특징 1편","정확하게 물어보고 시켜서 알거나하는애덜만 썼음ㅎ "
"577",784,"나도 인티제인데 엔프피 좋아..","감정을 그냥 엔프피한테 맡겨버리면 너무 신나.. "
"578",785,"Estj여자인데 이상형이 enfp임 너넨 estj 좋음?","너무 커엽자낭 친구중에도 enfp있능데 너무커여움나중에 좀 더 좋은 사람되면 enfp같은 사람이랑 연애해보고 싶다너넨 estj 좋냐"
"579",786,"내 enfp베프 이상화시켜봄 ㅋㅋㅋㅋㅋ","일단 이친구 꿈이 엔지니어링이라 10년후에 엔지니어로 일하게되고 가난한 집에서 자란 INFP유형의 예술가여자랑 결혼해서 밖에서는 자신만의 아이디어로 재미있게 엔지니어링을 하면서 길을 만드는 유쾌 인싸맨이고 집에오면 와이프의 예술세계를 칭찬해주고 누구보다 따뜻한 남편이고 와이프도 그친구의 빛을 보고 왔지만 어둠까지 위로해주기 집에오면 이상과 현실의 괴리를 잘 느끼고 잘 슬퍼지는 와이프를 보듬어주고 부등부등 해주고 예술로서 가난을 위로 해주려는 와이프의 꿈을 지지해주고 집이라는 공간이 와이프가 혼자만의 시간을 가지고 자신의 진실한 마음의 소리를 들어보고 휴식할수 있는공간으로서 기능하도록하고 와이프가 남편에게 편지쓸때 가난하게 고생했던 옛날 생각과 여러가지 복잡한 심경과 남편에 대한 마음 (자신과 결혼해서 살아준게 너무 고마워서 ㅠㅠㅠㅠ) 으로 눈물을 흘릴때 그친구가 님편으로서 부둥부둥해주기..."
"580",788,"나 infp였는데","올해 들어서 해봤을 때 엔프피 나왔어 "
"581",790,"나 mbti 5번 해봤는데","         infp -> infp -> enfp -> infp -> enfp 이렇거든? 니네도 그래?        "
"582",791,"껴들어서 미안한데 istp별로임?","내 친구가 enfp인데 한번도 심하게 싸운적 없고 몇년간 잘 지내고 있고 관심사도 비슷해서 잘맞다 생각하는데 아주 가끔 겉과 속이 다른 느낌이 드는 친구거든? 글고 내가 맨날 직설적으로 해도 이잉.. 거리다가 다시 기분 좋아지고 그러는 친구라 걔가 뭔 생각을 하는건가 궁금한거야여튼 그래서 그 친구가 나는 어떤식으로 생각할 지 갑자기 궁금해져서 왔음 ㅇㅇ엔프피 입장에서 잇팁 많이 별로니?"
"583",792,"오 소련여자도 엔프피네","https://youtu.be/VHLMVr4OBbo "
"584",793,"i 51 e 49 였던 (전)인프피","근소한 차이로 엔프피떠서 함 와봤어 "
"585",794,"엔프피 장단점 말하는 거 말인데","살짝 mbti는 성격은 맞는거 같긴 한데 장단점은 특정할 수 없는듯뒷담을 잘 깐다거나 그런 건 그냥 인성 문제 아니야?아 근데 나 오늘 역류성 식도염 진단 받음 15일치 약받고 먹으면 안되는 리스트 받았거든? 근데 그냥 닭갈비에 치즈볶음밥에 콜라까지 마셨어 넘 행보케"
"586",796,"나랑 남친 둘다 ENFP인데 카톡하는거 볼래?",""
"587",798,"유아인","나혼산봤는데 의식의 흐름이 엔프피 같드라. "
"588",800,"안녕하세요.","인프피입니다. "
"589",801,"하이","이런 갤도 있는지 처음 알았네"
"590",802,"엔프피 트라우마 생긴 듯","좀 친해졌다 싶으니까 맨날 지 뒤치다꺼리 부탁하고눈만 마주치면 혼자 눈물콧물 다 짜면서 하소연하고좃도 안궁금한데 ㅅㅂ 좀 들어주니까 끝을 모르고사람을 이렇게 지치게 할 수가 있나 싶더라하려는 일은 말만 번지르르하지 노는데 돈 다 쓰고나를 지보다 못나게 보는거 아래로 생각하는거 존나 다 티내고씨발이게 제일 좃같음내면 가꾸는 척 존나 하면서 외모얘기만 주구장창하지오바쌈바 떠는것도 개싫었어"
"591",803,"내남편 ESFJ라는데","궁합안좋다고하네 내변덕 다받아주는 유일한사람인데"
"592",804,"enfp는 정치질하는 습성 진짜 버려야한다","이거하나때문에 사람이 싫어진다 진짜로"
"593",805,"ENFP 정치질은 진짜 종특이긴 한긋","새로 들어간 동아리에 여자 2명 A,B 잇는데 첫인상 얘기한걸 걍 B는 머리 염색햇길래 머리색이 신기하다 햇는데 A가 쳐웃으면서 첫인상을 머리색밖에 얘기안한다고 걍 관심없는거 아냐?ㅋ 이러는거 보고 좀 섬뜩햇다 뭐 enfp인건 나중에 알긴 햇는데 "
"594",807,"내가 엔프피라서 일벌리는거냐 그냥 내가 병신인거냐",""
"595",808,"내가 생각하는 ENFP가 쌩초면인 사람한테 강한이유","남이 날 평가하는거 자체를 조온나 싫어함칭찬받는건 또 오지게 좋아하지만 만에 하나 욕할까봐 평가 받을일 자체를 겁냄(단점 1% 칭찬 99%면 칭찬 99%생각 안나고 단점 1%만 하루종일 생각함)그래서 처음보는 사람, 집단 놀러가면 잃을게 없으니깐 존나 막나가는데(보통은 활기차다고 좋아하고초면에 욕할사람도 없거니와누가 나보고 저거 병신아니냐 욕해도 니도 병신 ㅋㅋ 하면서 잃을게 없어서 데미지 0롤같이 단판게임에서 키보드워리어 특화되어있음)이사람들이 어느순간 인연을 맺게되면 존나 그때부터 그 왠지 모를 평가질 받을수도 있다는 불안감때문에 거리를 둠어느 동호회를 가서 초면인데 이놈저놈 하면서 신나게 놀수있고친구들이랑 게스트 하우스 가면 항상 바람잡이에 여자애랑 같이 놀 상황이 되도좀 친해질라치면 급 불안 급 피곤 급 스트레스 받음.요즘 모임애들이 또 그러는데 2년봤는데 만나는게 스트레스다욕 안먹을려면 언제나 잘해줘야되는데 그게 쉬운것도ㅠ아닐뿐더러그렇다고 쌓아둔거 잃거나 상처받기는 싫고관계유지하는데 힘은 쏟기 또 싫고뭐냐 이런 성격은.요즘 형 왜 변했어요 나와서 놀아요 ㅎㅎ 우리의 리더 하는데 제발 그런거 말하지마 내 영역 들어오지마 너네 손절칠각 재게 될 뿐이야...."
"596",809,"안녕하세요.","ISTJ입니다. "
"597",810,"안녕하세요.","인티제입니다. "
"598",811,"사람들하고 처음 만낫을 때 말 잘못하는데 나만그래?","친구나 친한사람이랑 같이있으면 남 눈치안보고 편하게 말하는데모르는 사람들 사이에 있으면먼저 말걸기도 힘들더라나도enfp 인데 나만 그런거 아니지??"
"599",812,"혹시 잇티제 친구 있는 엔프피 있냐","나는 잇티제인데 엔프피랑 ㅈㄴ 안 맞아서 힘들어 죽겠음 ㅜㅜ걔 아니면 딱히 다닐 애도 없고 새로운 친구 만들고 싶지도 않아서 그냥 손절 하고 혼자 다닐까 생각도 하는데 어떻게 해야 될지 모르겠당"
"600",814,"외로워 죽겟다","매일 이 시간대에 혼자있으니 너무 외로워.. "
"601",816,"나랑 친구할사람?","놀~자~ "
"602",818,"나 뒷담 많이하긴하는듯","군대에서도 죤나꼬장부리던 선임이나 막나가는 후임 뒷담까고 그랬음 뒷담을 안까면 입이 근질거림근데 뒷담까서 화를 입어본적이나 누가 나를 싫어한적이 아직은 없는데 두렵다 (사실 그렇게 두렵진 않음)고쳐야지 이것도 "
"603",819,"나 근데 intp랑 enfp 번갈아나옴","둘다 나한테 맞는 특성같음 "
"604",820,"신입사원 연수 가서 enfp임을 느낌","조별로 모아 놓았는데 다들 서먹서먹해서 조용함그럴때 돌아가며 이것저것 물어보고 얼타는 놈 있으면 말걸고 관심가져주고 하면서 분위기 다 뛰움며칠 후 지들끼리 알아서 잘 놀게되면 조용히 지냄 ㅋㅋㅋ"
"605",821,"여기 엔프피들 다들 직업이 뭐야????","         내가 진짜 핵핵핵핵 엔프피인데그동안 나 자신을 알지 못하고넘나 안정적이고 고정적이고 반복적인 직장을 준비해오고 때려침...과가 부동산과라 공인중개사 땄는데학과에서 엔프피답게 당연히 공인중개사해라 영업하면 잘할거다 소리 왕창 듣고난 대체 나 자신이 뭐가 영업체질인지 모르고 진짜 해야되나 고민하고있다....        "
"606",822,"페북에서 보고 소름돋은거 가져왔어","MBTI T랑 F 반응 차이 소름돋을 정도로 확 갈리는 거 "
"607",823,"안녕 엔푸피들","인픞갤에서 놀러왔어 "
"608",824,"ENTP 어때??.?.","별로니 ? 흑"
"609",825,"나는 급식때부터 뼈 엔프피였는데 친구들이 나보고 엣팁같대","특성 찾아보면 엣팁보다 엔프피가 훨씬 더 공감가거든? 앳팁의 대표적 특성인 승부욕이 없고 경쟁심도 없어 그냥 직설적이고 말을 이성적인척 해서 그런것같은데 요 근래 자꾸 엣팁같다는 소리 들으니까 뭔가 처세를 잘못하고 있는것같아서 현타와 나는 나름 따뜻하고 공감하는 발화방식을 사용한다 생각했는데 나만의 착각이었나봐 시부레"
"610",826,"엔프피 감정팔이는 종특임?","본인이 게을러서 못난 걸 세상탓 남탓 오짐"
"611",828,"ENFP가 INFP로 변할수도 있을까?","         난 내 자신이 소심하다고 생각하는데 주변에선 정말 외향적인 사람이라고 날 말하더라구..그래서 이게 E랑 I가 왔다갔다하나? 싶기도 하고..헷갈림 ㅋㅋㅋㅋㅋㅋ        "
"612",829,"나 내닉보면알듯이 두개 오락가락하는데","이거 왜그러냐몇달전에는 엔프피였는데 오늘 두번해보니 엔티피나옴그리고 방금 전남친이 온라인이라서 궁금해서물어보니 INTP래얘네랑은 잘 안맞아?"
"613",831,"ENFP 인거 싫은 사람 혹시 있어?","         내 친구 ENTJ이고 난 ENFP ENFP ENFP ENFPx100 인데(찐ENFP)진짜 공부도 겁나 잘하고 머리도 똑똑하고 심지어 직장도 잘 잡음 초봉이 세전 6000이라더라 스바 ㄷㄷ고딩때부터 워낙 찐친이고 소울메이트라 뭐 그런거가지고 내가 열등감 느끼고 그러지는 않는데그냥 걔의 그런 칼같은게 너무 부러웡난 뭔가 공부를 해도 하나에 집중못하고 효율성이 떨어지거든근데 얜 걍 책피면 집중 1시간 이상은 걍 보험임(뭐 그래도 궁합보니까 ENTJ랑 ENFP가 나쁜 조합은 아니기는 하더라)하 집중 개쩔고 머리좋고 돈버는거 개부럽긴한데나도 뭔가 내 장점으로 저렇게 멋있어질 수 있을까 싶을 때가 있다그래서 ENFP인거 별로 안좋은거같애...        "
"614",833,"enfp는 뭔직업해야댐??","나진짜 찐enfp거든!!!!!!! 아무래도 어디앉아서 행정업무하고 똑같은 하루의 반복인 업무는 안맞겠지? 사람만나는거랑 만나서 대화하는거 매우매무매우매우 선호함!!!!영업하거나 사람만나는직업을 하는게 맞겠지...?"
"615",834,"엔프피들아 나 잇프핀데 조언 좀 해주라","사람들이랑 대화 이어나가는 법을 모르겠어..  "
"616",836,"Enfp들  뇌구조 어떤거냐......","바트심슨?"
"617",837,"intj 8w9 나왔는데 ㅁㅌㅊ?","ㅋㅋ "
"618",838,"나 ENFP인데 낯 가림 정상이냐","         찐 ENFP인데 낯가린다 티는 안나는데 솔직히 어색하고 죽을것같음        "
"619",839,"절친이 엔프피인데","얘 공무원 준비하는데 공부보다 다른거에 관심 더 많음 오히려 내가 더 공부 많이 하는듯..난 대학생 ㅋ하나에 집중을 못해 여러개 다 건드리고 다님ㅋㅋㅋ호기심도 많고...생활력 강하고 도전 정신 있는건 큰 장점인듯감정적이고 사람을 겁나 좋아하고정 많아서 남한테 퍼주다가 나중에 상처 받고 ㅠㅠ걍 엄청 다이나믹한거 같아...자기 자신이 엄청 강다고 생각하는데...강한면도 있지만내가 보기엔 상처투성인거 같아서 안쓰러워...그냥 얘가 잘됐으면 좋겟다 ㅠㅠ "
"620",840,"mbti 생각나서 해봤는데 ENFP-a 나옴","         형제자매님들 ㅎㅇㅎㅇㅎㅇㅎㅇ        "
"621",841,"ISTJ 어떻게 생각함?","나는 잇티제고 내  친구는 엔프피인데 엔프피들은 잇티제가 혹시 주위에ㅜ있다면 어떻게 생각하는지궁금해서 물어봤어"
"622",842,"나 좋아하면 계속 tmi 방출해 ","진짜 좋아하는 친구들이나 사람들한테 tmi 방출함. 내면의 풀지못한 얘기 이런거 하는데 애들이 가끔 놀라. 좀 오래 친한 애들은 이제 내가 처음 본 인싸 발랄한 이미지 이런거 아닌거 아는데 오랜 친구 아니면 생각보다 고민 깊고 많이 우울해서 어리둥절함ㅋㅋㅋ근데 그걸로 사람들 지치게 하는거 같다ㅠ 어떡하냐? 좋아하는 애들한테만 그래서 그만두고 싶은데 안돼"
"623",843,"감정에 휘둘리는거 싫은사람 있어?","         나는 옛날부터 마음이 엄청 여렸거덩어릴때 부모님이랑 같이 유럽에 여행갔을때길거리에 어떤 할아버지가 앞에 박스 하나 놓고 동냥하고 있는거야어릴때라 그런지 한국에선 못봤던 광경이라 그런지 그게 너무 불쌍해서엄마한테 1유로만 달라고 떼써서 박스에 넣어드리고 왔어근데 점점 나이가 들어가고 현실이랑 마주하면서 내가 이러면 안될 것 같은거야...사실 할아버지한테 돈 넣어드린것도 현실적으로 바라보면 내 입장에서는 손해잖아자기 느끼는 감정이랑 상관없이 똑부러지게 사는 사람이 엄청 부러우면서도 멋있어 보이더라고막 이기적으로 살고싶고... 그래서일부러 정에 휘둘리지 않고 사람들한테 모질게 대하려고 노력하고근데 또 잘 안되고... 뭔가 또 미안해서 괜히 나중에 카톡해서 밥사주고 깊티콘 넣어주고나도 내가 뭔생각인지 모르겟어 ㅋㅋ나같은 사람 있어??        "
"624",844,"좋아하는사람 mbti 까고보니 그사람도 enfp인거","공감하나영?연예인도 주변사람도 극호감인사람 까고보면 같은 엔프피 "
"625",847,"엔프피 여러분 하루하루 열심히 살다보면 행복해질까?","고생끝에 낙이 온다고 지금은 괴롭지만돈벌고 하고싶은거 맘껏 하는 내모습을 꿈꾸면서그냥 묵묵히 그날이 올때까지 열심히 사는게 답일까..?고3인데당장 눈앞에 행복과 결실은 보이지 않고좀 허황된 꿈만 꾸면서 살아가는 것 같아서현실이랑 환상의 괴리감 때문에 번아웃도 자주오고 좀 괴롭다"
"626",848,"저번엔 51I% 로 ENFP 나오더니 오늘은 49Q%","         INFP 나오네... 난 뭐냐...        "
"627",849,"esfj 조심하세요","진짜 성격 너무 안 맞고 연애관 자체도 너무 다름. 원래 mbti 궁합 이런 거 잘 안 믿는데 궁합표에도 최악이라고 나와있구 에세프제 나무위키에도 NP 성향 가진 사람들이랑 가까워지면 멀리한다더니 진짜 감정소모만 오지게 하고 서로에게 좋은 영향은 못 끼치는 거 같아요..."
"628",850,"별건아니고 대충 드라마 나왔다는 자랑",""
"629",851,"내성적인 친구들 엿먹이는 방법이래","사준다고하고 주문 직접하라고 하기 "
"630",852,"enfp성격에 그나마 적성에 맞는게","승무원일까 공무원일까"
"631",853,"신태일 엔프피","신태일 대신맨같은거보면 빼박 엔프피 개꿀  ㅋㅋㅋㅋ"
"632",854,"나랑 내 친구 둘다 엔프핀데 수행하면서 카톡하는 거 볼래",""
"633",855,"estj랑연애하는디","너무힌들어힘들어"
"634",857,"공허해","고3이라 그런지 쳇바퀴같이 공부만하는 이 생활이 부질없게 이 느껴짐엔프피는 새로운 자극들을 내가 직접 발로 뛰어다니며 찾아냐잖아. 내가 좋아하는 영화나 책들을 보면 내가 살아있다는 감정을 이따금씩 느끼긴하는데다 참고 참고 참고 공부만 하다보니 요즘엔 사는 이유가 없어.내 마음에 가뭄이든것 같아.정말 너무 고통스러워왜 나한테 나를 지우라고 강요하는걸까. 나한테 해야할 일들만 늘어놓는 걸까. 구속받는거 개 싫은데.정말 고통스러운데 이런 생각들이 다 어리광 같다고 말하면 그게 또 맞는 말 같아서 기분이 더 좆 같아짐뭔가 같이 지내는 사람들은 많은데 내 감정 털어 놓을 수 있는 사람은 없고공허하다... 잘 모르겠어.."
"635",859,"나는 연애가 너무 힘든거가테","         초반? 한 한달정도는 막 보고싶고 설래고 그러는데 나중엔 걍 둘이 있고 그런거보단 혼자있는 시간이 훨씬 좋고 먼저 보고싶단말이 잘 안나와(그래두 하긴함.. 상대를 서운하게 하기 싫으니까ㅇㅇ 원래 혼자있는거 좋아하긴 함 ㅇㅇ 친구들이랑 노는것도 좋아하고 ㅋㅋㅋ 엔프피특성 아는사람은 다아는 이것 ㅋㅋㅋㅋ 엔프피가 질리는게 빠르다잖아 근데 나는 마냥 그러진 않더라고  사람한테 빨리 질리는걸까?? 그렇다고 그사람을 안좋아하는건 아닌데어느새 보면 내가 그사람보다 표현도 덜하고 덜 티내게 되어있더라고생각해보면 지금 대학 4학년인데 오래된 친구는 한명도 없더라고(제일 오래본 친구가 고딩때부터)그나마있던 중학교 소꿉친구도 질려서 싸우고 연락안함아까 어떤 사람이 올린 글 보는데 초면엔 강한데 갈수록 평가 당하는거 같아서 사람 오래 못본단말 나는 이게 연애에도 적용되는거같구 그래 나만 그래? 참고로 지금 사귀는애는 썸얼마 안타고 사귄거라 좀 덜 편하긴 해...         "
"636",862,"EnFP-a랑 t차이가 뭐야?","A인데"
"637",864,"안녕 난 ISFJ인데","좋아하는 누나가 ENFP라서 엔프피들이 잇프제에 대해 어떻게 느끼는지 궁금해.알려줄 수 있을까?"
"638",866,"나 엔프피인데","생각보다 이성적이라고 해야하나 결단력이 좋다고 해야하나 ... 아무튼 이 선택을 통해 일어날 결과들 생각하고 현실적으로 옳은거 나한테 이득되는것만 선택해. 좀 이기적인듯"
"639",867,"Enfp남에게 먼저 고백","Enfp남이 내가 남친이랑 헤어지고부터 갑자기 관심표현해서 의심스럽기도 하고 쑥스러웠어ㅜ 한달동안 몇번 못만나고 연락 먼저 오고 그랬는데 카톡 텀 길어지더니 연락을 안하더라 내가 시덥잖은 연락을 안좋아하거든 근데 상대도 그런거 같은데 어떻게든 쥐어짜내는 느낌이라 일부러 텀 길게 했는데... 너무 후회된다내 눈치상 아직까지도 서로 약간 관심있는 거 같은데 뜬금없이 연락해서 밥먹자하고 헤어지기전에 고백하면 정떨어지려나? 어이없으려나ㅏ ..혹시 정복욕구나 리드하고 싶은 욕구 있어? 그럼 배려해주고.. 난 참고로 infj입니다..."
"640",868,"Enfp. 느낌.","20대 아직 10대 같음30대 아직 20대 같음40대 이후영원한 30대 청춘."
"641",869,"isfp 나왔다가 enfp옴 ㅎㅇ","신기하네 isfp enfp 둘다 특징보면 끄덕끄덕 하게댐 "
"642",871,"내가 본 엔프피 친구 특징","일단 호기심이 많은것같음 "
"643",872,"ENFP특","         글을 안 쓰면서 글만 보러옴        "
"644",874,"가루가되게 까이는 ENFP...",""
"645",875,"새로 사귄 친가 엔프피인데","이 친구가 친구 사이라도 어느정도 선을 지키는 걸 좋아하는데 "
"646",876,"enfp딸이 엄마랑 카톡하는 방법",""
"647",877,"너넨 사람들이랑 ㄹㅇ 무슨말함?","         인프핀데 요즘 할말이 없으면 그냥 닥치고 있자 마인드로 사는 중이라새로 사귄 애랑도 진짜 존나 어색하게 지냄사실 난 그런 정적 별로 안어색하긴 한데 관계에 진전이 없어주변 엔프피들 대화하는 거 좋아하고 1시간 말해도 끄떡없다는 거 같길래 함 물어보러 와봄        "
"648",878,"엔프피 교사 어울리냐","나 꿈이 아나운서나 교사임ㅇㅇ 현역때 사범대 쓰려다가 더 좋은학교로 가려고 재수중이긴 한데어울리냐..?"
"649",879,"내 룸메 엔프피인데","         나 잇프제란 말이얔ㅋㅋㅋㅋㅋㅋ 지금 옆에서 게임하는데도 온갖 소리가 다 들려 공부할 때도 온갖 소리가 다 들려 으웩!!!악!!! 나 논문 쓰는데도 나보고 갤러리 활동하냐고 막 옆에서 꿍얼꿍얼 대고 방금 전에도 소리지르면서 웃었어 그냥 너무 웃겨 내가 여기에 이를거라고 다 얘기했어 방금 죽었나봐 괴성을 질러        "
"650",881,"엔프피인 사람들 싫어","가식적이고 자기 멋대로고철없고 착한척하고 부자연스럽고 오버하고좋은사람인척하고은근히 사람 약올리고하 재수없다 진짜ㅋㅋ"
"651",885,"카톡 답장이 느린 친구가 있는데","궁금한게 생기거나 어떤 주제로 카톡을 하려 해도 "
"652",886,"Enfp 직업 추천좀요","고1 남자인데진로고민때문에 진짜 너무 걱정입니다 ㅠㅠㅠ"
"653",888,"엔프피는 금방 싫증을 낸다고 들었는데","안녕 난 인팁남이야내가 좋아하는 사람이 엔프피녀인데엔프피는 금방 싫증을 내고 새로운 것을 찾아나선다고 해서어떻게 하면 관계를 오래 지속할 수 있는지 물어보러 왔어."
"654",891,"엔프피친구랑 선그을건데 상처주는법좀.","엔팁인데 이새끼 나락으로 몰아넣어버리고 쌩까고싶음 방법추천받음"
"655",895,"엔프피들아 니들은 인프피 어케 생각함?","         ㅈㄴㄱㄷ 인붕이 갤에서 놀러옴        "
"656",896,"엔프피인거","애들한테 말 못 하겠음안그래도 애새끼처럼 사는데 엔프피 나와서 이러는걸로 보일까봐 ㅠ유형검사 처음해봐서 이걸로 떠들고싶긴 한데 내 유형이 창피해"
"657",899,"여기도 성비 보자","남자면 추 "
"658",901,"이거 진짜 ㅈㄴ소름돋는다","학교에서 친구도 많고 웃기는것도 잘하는데 겁나 소심하고 걱정도 많고 낯 엄청가리고 근데 또 한번 친해지면 엄청 편해지고성격이 이렇게까지 똑같은 사람이 있다는게 너무 소름돋음"
"659",902,"mbti 갤러리마다 미묘하게 분위기 차이 있는거 신가하다","         심심해서 여기저기 다녀보고 있는데 좀 각자 분위기라고 해야 하나? 그런 게 다른 듯 신기하다        "
"660",903,"영문판으로 해봐도 ENFP 나오네","아... "
"661",904,"엔프피에서 인프피로,인프피에서 엔프피로 변한 사람 있어?","난 엔프피에서 인프피로 변했거든어릴땐 진짜 생각도 거의 없었고 나를 표현하는 수식어는 항상 밝음 발랄 이런거였거든 진짜 버스에서 춤추고 이럴정도로 심하게 외향적이고 맨날 놀러다니고 사람 엄청 좋아했는데 한창 사춘기 시절을 따당하고 괴롭힘 당하고 배신당함의 반복이었어 그러면서 infp가 되가고 눈물 1도 없던 애가 이제 툭 건드리면 울고 상처 받고 사람 마냥 좋아하고 믿던애가 호감 있어도 표현 죽어도 못하고 나한테 일어난 모든일 심지어 이혼한거 까지도 스스로 소문 내고 다녔던 애가 내 얘기를 가족한테도 별로 안해 이런 거 때문에 내가 e에서 i로 변했다는 사실 자체가 상처야 엔프피 볼때마다 어린시절 생각 나고 ㅂㅅ같겠지만 하루종일 펑펑 울면서 돌아가게 해달라고 빈 적도 있고 사람이 한번 상처 받으면 참 많은게 변하더라 그래도 억울해서 e로 돌아가고 싶음 어떻게 하면 돌아갈 수 있을까..? 그냥 사람들한테 먼저 말걸고 다가가려는 노력부터 해도 변할 수 있을까"
"662",905,"나 entp a인데 사랑하는사람이 enfp래서 와봤음","먼가 잘맞을거같애? "
"663",906,"infj한테 데였다..","나 엔프핀데 절대 그럴일 없을거라 생각했는데.."
"664",910,"리젠은 낮은데 조회수는 왤케 높냐","글좀써"
"665",911,"인프피 놀러왔는데 너네 되게 멋있다","뭔가 밝고 자신있고 이것저것 잘하고 멋있는거 같음 "
"666",912,"엔프피갤 리젠안되는 이유","할말 이미 주변 사람들한테 다 해버려서..굳이 갤에 쓰고 싶은 말이 없으아니면 있었는데 다른거한다고 까먹어그와중에 다른 사람들 글은 보고 싶어서 조회수는 높은듯근데 댓글은 또 안 담ㅋㅋㅋ 관심있는 주제만 눈팅하고 끝"
"667",913,"여기 좋은데?","애들 착하고 귀엽네 ㅋㅋ entp갤은 전쟁터인데 "
"668",914,"니네 엠그램해봐 흥미돋",""
"669",915,"본인 특","저런말 들으면 진짜 저표정 나옴 ㅜㅜ "
"670",918,"앰그램 2년전에 한거랑 최근꺼랑 비교해봤어","         난 예나 지금이나 ENFP야 근데 엠그램은 좀 달라졌더라2년전:현재:옛날꺼가 더 나랑 잘맞는거같다 ㅋㅋㅋ        "
"671",919,"본인 엔프피 특징","         야함        "
"672",920,"예쁜순으로 나열좀 ",""
"673",921,"ENxP INTx 법칙","1. 쌍둥이 법칙 "
"674",923,"너네들은 어떻게 찾을수있어?","나 infj인데 너네같은 성격의 사람들 만나고싶은데 "
"675",924,"안녕하세요, MBTI별 설문조사 하러 나왔습니다.",""
"676",925,"안녕 난 INFJ야","너희들을 사랑해 ^ㅡ^ENFP 들은 너무 사랑스러웡귀엽고 매력있고 착하면서 카리스마있어"
"677",926,"엔프피 직업추천","의사작가피디기자여기서 가장 안 맞는 직업이랑 가장 잘 맞는 직업 추천좀!!"
"678",927,"집중잘하는 법 좀 제발","내가 좀 산만한 편이야 인강들을때도 가만히 못있고근데 또 머리는 쓸만해서 공부한 얘들보단 시험 잘봄ㅋㅋ근데 집중력이 너무 안 좋고 모든분야에 물 살짝 담그고 빼는 성격이라 엔프피중에 공부잘했던 사람들 공부 어케했는지 좀 알려주라ㅠ엔프피 집중력 높이는 방법도 좀 ㅠ"
"679",929,"너네는 자기사람 잘 챙겨?","타유형인데 나는 제3자 챙기느라 내사람 잘 못챙기는데여기 유형 사람들은 어떤지 궁금해서"
"680",930,"시발","엔프피 진짜 미칠듯이 사랑해... 근데 나한테 잘해주는 동시에 나를 왜이리 부담주는거니-intj"
"681",932,"너네도 이것도 엔프피 나옴?","https://mbtiblah.com/ "
"682",933,"멀해도 엔프피구만",""
"683",937,"야 인팁들 케장콘 만들엇대잖아","우리도 누가 좀 만들어봐 난 귀찮으니까 안할래 "
"684",938,"오~~~~샹젤리제~~~~~ 오~~샹젤리제~~~~~~","나나난 나나나너 나나나나 나난나나 나나나나나나나나나 샹젤리제~"
"685",939,"나 진짜 약간 가끔씩 보면 진심","장혜같음"
"686",940,"내 성격이 enfp인거 처음알았어..","이제껏 성격유형 검사해보면서 항상 다르게 나오길래 오늘 각잡고 해봣는데 ㄹㅇ 나더라고.. 뭔가 스스로에 대한 이해가 깊어진 기분이라 상당히 흥미로워ㅋㅋ 더 공감되는 글들을 올려줘!! 난 지금 취해서 글을 쓰고 있지만 앞으로 눈팅만 할 거 같으니까 미리 말하는거야 헤헤"
"687",942,"MBTI  설문 참여해주세요 여러분","         https://forms.gle/YTWrY5EDvcRgtwqk9나중에 통계나옵니다        "
"688",945,"엔프피 너무 좋아","엔프피라 행복해"
"689",947,"Enfp가 Estj랑 잘 지내려면 뭐해야해","제곧내.."
"690",948,"앙녕 ISFJ야 XD","         안녕 다들 좋은 주말 보내구 있니~?~? 내가 잇프제인데 말이지 주변 사람들 중에 엄마 빼고 다 엔프피야ㅋㅋㅋㅋㅋ 난 진짜 엔프피가 넘 좋아 내가 감정표현도 엄청 서툴고 좋은 것도 좋다 못하고 싫은 것도 싫다 못하는데 엔프피인 사람들은 내가 좋으면 마아아아악 와서 끌어안고 신나서 소리지르고 좋다구 막 표현하고 내가 마음에 안들면 또 이차저차 맘에 안 든다 다 얘기해줘서 넘 좋아 내가 부당한 일 당하고도 끙끙 앓고 있으면 제일 먼저 나서서 나 대신에 욕해주는 것도 엔프피덜,,,엔프피들 성격 넘 좋아 진짜로 그러니까 엔프피들 모두 행복했으면 좋겠어 잇프제랑 엔프피 상극이라는 거 다 개뻥인 거 같아 난 살면서 나랑 엔프피만큼 잘 맞는 사람도 못 봤거든 글이 흐지부지한데 신나서 그러니까 초큼 양해바라,,,ㅎㅎ 좋은 주말 보내S2        "
"691",949,"Enfp 원래 자존감 낮아?","너무 힘들어.."
"692",950,"여기갤 왤케 사람이 없어?","시끄러울줄 알았는데 뭐가 일케 죽었어 엔프피들 다 밖에서 놀고있니 "
"693",951,"여기에 개나대는 엔프피 존나싫어하는 엔프피 없냐","다른 엔프피 애들보면 개나대고 징징거려서 싫음 근데 돌이켜보면 나도 과거에 존나그랬어서 고치려고 노력 존나함 나대지말자 징징거리지말자 하면서 항상 조심조심 하다가 어느새 보면 친한애들한테 개징징거리고있어서 아차한다음에 친한애들 반응살핌 ㅅㅂ"
"694",952,"엔프피들은 왤케 나댈까?","보통 심리적으로 불안한 아이들이 설치고 다닌대"
"695",954,"엔프피콘 없길래 내가 만들었어","디시콘 처음 만들어봐서 어색한데 검수 통과하면 써줄사람 있어? "
"696",955,"썸녀랑 잘 안되서 너무 힘들어","그 원인을 무의식적으로 스스로에게 찾는거 같아그래서 스스로를 더 힘들게 하는 느낌?주변사람들은 다 상황이 어쩔수 없었다고 너 정말 매력있는 사람이라고 얘기해주지만 그때만 좋지 막상 혼자가되면 다시 우울감에 빠지는것 같아.그 해결책으로 어떤것에 몰두해보려 하지만 순간순간 떠오르는 생각에 스스로 무너지곤 해 나 enfp아닌거같은 의심도 들고...여튼 그렇다고.. 일기처럼 갤에 말하고 싶었어이런 성향이 enfp가 맞다면 난 바뀌고 싶어"
"697",956,"펜팔친구하실분 계신가요..?","저는 ESTJ인데 글쓰는거 좋아해서 손편지 주고받으실분 찾아요.. "
"698",957,"엔프피는 왤케 가식 좋아하냐","얘넨 진심 따위는 없어도 반응만 해주길 바라는듯 가식이라도 반응해주길 원함 껍떼기라도 갖고싶어 이런건가?"
"699",959,"estj랑 enfp랑 싸우면 누가 이길까",""
"700",960,"어제 엔프피콘 만들었다는 사람인데","업로드할때 배경투명화를 안해서 빠꾸먹었다,, 진짜 빡대가리 아니야 "
"701",961,"(스압)학창시절 트라우마에 관한 이야기.txt","지금은 22살이지만, 아직도 가끔 꿈에 나오고  "
"702",962,"엔프피콘 드디어 나왔다!!","검수 빠르네 허접하지만 많이들 써주라 "
"703",963,"한 우물 못 파는 것도 enfp 특임?","학문이든 취미든 인간관계든 깊게 파질 못하고 1달 못가고 다 질려버리네... 처음할땐 진짜 재밌었는데"
"704",964,"엔프피 중에 혼전순결 중요시 하는 여성 있음?","그게 가능함? "
"705",965,"왜 엔프피한테","가식적이라는둥 나댄다는둥 이상한프레임씌울려고그래 "
"706",966,"관계에 회의감이 드는 밤..","좁고 깊은 관계만 남겨두고 싹 없어졌으면 좋겠다"
"707",967,"너네들이 찐따 감별사지?","모임에서 밝은 척 하는 찐따 귀신 같이 찾아내서 "
"708",968,"엔프피들아 너희들도 야한거 좋아해?","하루종일 야한생각하고그래? "
"709",971,"mbti","         enfp infp 같이 나오는 사람 있어?? 내가 이상한 건가...        "
"710",974,"쏘울메이트를 못 만들겠다","1. 먼가 쏘울메이트가 될 것 같은 완벽하고 멋져보이는 사람을 만남.2. 완전 달라붙고 관계를 진전시킴.3. 어느 날부터 뭔가 내 기대랑 다르고 마음이 점점 멀어짐4. 어느 순간 관계가 끝나있음 딱 지인 정도완벽한 사람은 없는 걸 알면서도 마음은 그걸 계속 고집해서 친구를 못 만들음..."
"711",975,"밖하고 안에서 극과극 달리는 사람들 있음?","나 밖에서는 진짜 엄청 활발하고 애들이 기빨린다고 하는데 집들어오면 진짜 조용하고 공상같은거 엄청함..."
"712",977,"INFJ입니다. ENFP 여러분은 어떤 성격이신가요?","궁금합니다"
"713",978,"MBTI 유형별 직업을 알아보는 시간을 가져볼게요~","         본격 저널리스트 요식업 경영자 파티플래너 갤러리        "
"714",979,"나만 이런가","좋아하는애랑 이것저것 다하는 망상하는데 막상 걔한테는 말을 못걸어"
"715",980,"인프피인데 와봄","왜냐하면 이거 콘 봤는데 너무 커엽더라고 "
"716",981,"살면서 외로움이란 감정을 못느껴보고 앞으로도 못느낄줄 알았는데","혼자되는 순간의 괴로움이 외로움인가 "
"717",982,"심심따리심심따","크퓽~~ "
"718",983,"낯선곳에 가고싶어","아주아주 안가봣던데까지 멀리갔다오면 재밋을텐데 "
"719",984,"인프제친구랑 있을때 공감. txt","내가 존나 tmi 뿜어냄 > 인프제친구는 들어줌 "
"720",985,"비오는거 싫음","         비 내리는거 자체에 감성젖기는 쌉가능인데아침에 일어났는데  창밖 어두침침하고 놀러가려고 계획된 날 하필 비오는 거에 짜증이 마구남!        "
"721",989,"오랜만에 놀러왔는데","엔프피콘 생긴거 이제 봤음 "
"722",990,"학원선생님 하는사람있어?","살짝 tmi긴한데 친구 소개로 오늘 학원쌤 면접보구 왔어대학 4학년 취준생이라 여유도 있고 가르치는거 너무 해보고싶었거든,, 군대에서 조교는 해봤었지만 그거랑은 결이 다르잖어근데 쌤이나 과외 경험이 하나도 없으니까 걱정되더라고거기다가 시범강의하는데 쌤들표정이 너무 안좋아서빼박 탈락이다 했는데 긴장한 티 안난다고 피드백 주시면서 결국 합격했어귀여운 고1친구들 만날 생각에 너무설렌다ㅎㅎ좋은선생님이 될꺼야혹시 학원쌤 하는사람 있으면 팁같은거 부탁해!"
"723",991,"내 내향/외향은 혼종이야","1년 내내 혼자 지내라해도 알차게 지냄 ㅡ 내향  근데 사람들을 보면 조증에 걸린듯이 꼬리 막 흔듦 ㅡ 외향  신나게.대화 시도했는데 대화에 부담감을 많이 느끼고 ㅌㅌ함 ㅡ 내향  튀고나니 허전한것같고 스스로에게 불만족스러워서 억지로 타인한테 붙음, 붙다보면 또 편안해짐 ㅡ 외향  자연스럽게 누군가랑 멀어지고 혼자가 됐는데 스스로 할 일이 많아져서 싫지 않음 ㅡ 내향  ㅋㅋㅋㅋㅋㅋㅋ 그래서인가 INFP도 많이 나왔고  마지막으로 한 것도 E가 55점이야  그렇지만 가장 균형을 이룬것같아서 좋아  "
"724",992,"나만 제일 좋아하는 친구들 한결같이 INTP임?","내가 INTP가 많은 환경에 놓인것같긴한데  "
"725",993,"방탕하게 사는건 질렸어","말 그대로 질렸어 연애와 섹스라는 부분에서데이기도하고 데이게 만들기도 했었어그렇다치고 어리지만 지금은 결혼 할 사람 만나고 조용히 살고싶은 느낌?이 생각하고 지낸지 일년 좀 넘었나그래서 오늘 시샤바 조질거야 혼자라도 가야지 ㅜ나만 인연을 못만나ㅠㅠㅠ"
"726",994,"엔프피 전친구 때문에 INFP - T에서 ISTJ - A로 변함",""
"727",996,"우리형 엔프피임","눈치 존나빠름 "
"728",997,"난 잇프제고 썸녀누나가 엔프피인데 조련당하는 기분이야","근데 조련이여도 좋다 보고만 있어도 좋아엔프피 사랑해"
"729",998,"intj들 단톡방 있음","올래? "
"730",999,"본격 뚜례 갤러리","         ENFP를 한글로 쳐보세요뚜례 갤입니다ENFP 뚜례ENFJ뚜러INFP인례INFJ인러추가 응용 제보 받겠습니다ENTJ뚜써ENTF뚰ㄹ(근)        "
"731",1000,"공부 더럽게 안된다","하ㅜㅜ 놀고시퍼"
